Model: ,Oscilloscope DSO-X 2004A
Serial Number:,MY52491735
Address: ,USBInstrument2
Date: ,2026-02-25 13:08:26

Analog Sample Count:,959,

Setup Text Information:,
ANALOG,,,TRIGGER,,,HORIZONTAL,,,ACQUISITION,,,MEASUREMENTS,,,,,,,,,,,,
Ch 1,,,,,,,,,,,,Frequency(1),,,Frequency(2),,,Pk-Pk(2),,,Pk-Pk(1),,,
Scale,50 mV/,,Sweep Mode,Auto,,Mode,MAIN,,Mode,HRES,,Cur,No signal,,Cur,No signal,,Cur,No signal,,Cur,0.179,,
Pos,0 V,,Coup,DC,,Ref,CENT,,Realtime,On,,,,,,,,,,,,,,
Coup,DC,,Noise Rej,Off,,Main Scale,200 µs/,,Vectors,On,,,,,,,,,,,,,,
BW,Off,,HF Rej,Off,,Main Delay,1.506 ms,,Persistence,Off,,,,,,,,,,,,,,
Inv,Off,,Holdoff,40.0 ns,,,,,,,,,,,,,,,,,,,,
Imp,1M Ohm,,Mode,EDGE,,,,,,,,,,,,,,,,,,,,
Probe,1 : 1,,Source,Ch 2,,,,,,,,,,,,,,,,,,,,
Skew,0 s,,Slope,POS,,,,,,,,,,,,,,,,,,,,
,,,Level,-82.5 mV,,,,,,,,,,,,,,,,,,,,

Analog Channels,,,,
Sample Number,Time (s),1 (VOLT),,
1,0.000506510417,0.0175879395101219,,
2,0.0005085937495,0.0172110550920479,,
3,0.000510677082,0.0168341706739739,,
4,0.0005127604145,0.0169597988133319,,
5,0.000514843747,0.0170854269526899,,
6,0.0005169270795,0.0173366832314059,,
7,0.000519010412,0.0164572862558998,,
8,0.0005210937445,0.0165829143952578,,
9,0.000523177077,0.0168341706739739,,
10,0.0005252604095,0.0163316581165418,,
11,0.000527343742,0.0158291455591097,,
12,0.0005294270745,0.0162060299771838,,
13,0.000531510407,0.0162060299771838,,
14,0.0005335937395,0.0164572862558998,,
15,0.000535677072,0.0159547736984678,,
16,0.0005377604045,0.0154522611410357,,
17,0.000539843737,0.0154522611410357,,
18,0.0005419270695,0.0152010048623197,,
19,0.000544010402,0.0150753767229617,,
20,0.0005460937345,0.0152010048623197,,
21,0.000548177067,0.0145728641655296,,
22,0.0005502603995,0.0140703516080976,,
23,0.000552343732,0.0143216078868136,,
24,0.0005544270645,0.0136934671900235,,
25,0.000556510397,0.0136934671900235,,
26,0.0005585937295,0.0131909546325915,,
27,0.000560677062,0.0131909546325915,,
28,0.0005627603945,0.0123115576570854,,
29,0.000564843727,0.0126884420751594,,
30,0.0005669270595,0.0116834169602953,,
31,0.000569010392,0.0120603013783693,,
32,0.0005710937245,0.0120603013783693,,
33,0.000573177057,0.0116834169602953,,
34,0.0005752603895,0.0123115576570854,,
35,0.000577343722,0.0118090450996533,,
36,0.0005794270545,0.0119346732390113,,
37,0.000581510387,0.0111809044028632,,
38,0.0005835937195,0.0108040199847892,,
39,0.000585677052,0.0113065325422212,,
40,0.0005877603845,0.0106783918454312,,
41,0.000589843717,0.0109296481241472,,
42,0.0005919270495,0.0111809044028632,,
43,0.000594010382,0.0104271355667152,,
44,0.0005960937145,0.0113065325422212,,
45,0.000598177047,0.0106783918454312,,
46,0.0006002603795,0.0106783918454312,,
47,0.000602343712,0.0108040199847892,,
48,0.0006044270445,0.0103015074273571,,
49,0.000606510377,0.0104271355667152,,
50,0.0006085937095,0.00891959789441898,,
51,0.000610677042,0.0103015074273571,,
52,0.0006127603745,0.0101758792879991,,
53,0.000614843707,0.0103015074273571,,
54,0.0006169270395,0.00929648231249303,,
55,0.000619010372,0.00954773859120905,,
56,0.0006210937045,0.009045226033777,,
57,0.000623177037,0.00866834161570296,,
58,0.0006252603695,0.00841708533698693,,
59,0.000627343702,0.00866834161570296,,
60,0.0006294270345,0.00791457277955487,,
61,0.000631510367,0.00829145719762892,,
62,0.0006335936995,0.00678391952533275,,
63,0.000635677032,0.00690954766469076,,
64,0.0006377603645,0.00653266324661672,,
65,0.000639843697,0.00690954766469076,,
66,0.0006419270295,0.00603015068918467,,
67,0.000644010362,0.00565326627111062,,
68,0.0006460936945,0.00577889441046864,,
69,0.000648177027,0.0054020099923946,,
70,0.0006502603595,0.0054020099923946,,
71,0.000652343692,0.00552763813175261,,
72,0.0006544270245,0.00527638185303658,,
73,0.000656510357,0.00464824115624651,,
74,0.0006585936895,0.00527638185303658,,
75,0.000660677022,0.00565326627111062,,
76,0.0006627603545,0.00527638185303658,,
77,0.000664843687,0.00527638185303658,,
78,0.0006669270195,0.00427135673817247,,
79,0.000669010352,0.00414572859881446,,
80,0.0006710936845,0.00477386929560453,,
81,0.000673177017,0.0045226130168885,,
82,0.0006752603495,0.00351758790202439,,
83,0.000677343682,0.00389447232009843,,
84,0.0006794270145,0.0036432160413824,,
85,0.000681510347,0.00376884418074042,,
86,0.0006835936795,0.00301507534459233,,
87,0.000685677012,0.00251256278716028,,
88,0.0006877603445,0.00351758790202439,,
89,0.000689843677,0.00238693464780226,,
90,0.0006919270095,0.00213567836908624,,
91,0.000694010342,0.00163316581165418,,
92,0.0006960936745,0.00175879395101219,,
93,0.000698177007,0.00100502511486411,,
94,0.0007002603395,0.000502512557432055,,
95,0.000702343672,0.000753768836148083,,
96,0.0007044270045,0,,
97,0.000706510337,0.000125628139358014,,
98,0.0007085936695,-0.00125628139358014,,
99,0.000710677002,-0.00100502511486411,,
100,0.0007127603345,-0.00100502511486411,,
101,0.000714843667,-0.00163316581165418,,
102,0.0007169269995,-0.00138190953293815,,
103,0.000719010332,-0.00276381906587631,,
104,0.0007210936645,-0.00288944720523432,,
105,0.000723176997,-0.0036432160413824,,
106,0.0007252603295,-0.00288944720523432,,
107,0.000727343662,-0.00326633162330836,,
108,0.0007294269945,-0.00464824115624651,,
109,0.000731510327,-0.00439698487753049,,
110,0.0007335936595,-0.00477386929560453,,
111,0.000735676992,-0.0054020099923946,,
112,0.0007377603245,-0.00628140696790069,,
113,0.000739843657,-0.00665829138597474,,
114,0.0007419269895,-0.00703517580404878,,
115,0.000744010322,-0.0081658290582709,,
116,0.0007460936545,-0.00804020091891289,,
117,0.000748176987,-0.00866834161570296,,
118,0.0007502603195,-0.0099246230092831,,
119,0.000752343652,-0.0100502511486411,,
120,0.0007544269845,-0.0105527637060732,,
121,0.000756510317,-0.0105527637060732,,
122,0.0007585936495,-0.0114321606815793,,
123,0.000760676982,-0.0116834169602953,,
124,0.0007627603145,-0.0126884420751594,,
125,0.000764843647,-0.0123115576570854,,
126,0.0007669269795,-0.0129396983538754,,
127,0.000769010312,-0.0145728641655296,,
128,0.0007710936445,-0.0145728641655296,,
129,0.000773176977,-0.0153266330016777,,
130,0.0007752603095,-0.0164572862558998,,
131,0.000777343642,-0.0169597988133319,,
132,0.0007794269745,-0.0164572862558998,,
133,0.000781510307,-0.018090452067554,,
134,0.0007835936395,-0.0185929646249861,,
135,0.000785676972,-0.0199748741579242,,
136,0.0007877603045,-0.0198492460185662,,
137,0.000789843637,-0.0197236178792082,,
138,0.0007919269695,-0.0206030148547143,,
139,0.000794010302,-0.0219849243876524,,
140,0.0007960936345,-0.0219849243876524,,
141,0.000798176967,-0.0229899495025165,,
142,0.0008002602995,-0.0234924620599486,,
143,0.000802343632,-0.0251256278716028,,
144,0.0008044269645,-0.0255025122896768,,
145,0.000806510297,-0.0258793967077509,,
146,0.0008085936295,-0.0261306529864669,,
147,0.000810676962,-0.027010049961973,,
148,0.0008127602945,-0.0278894469374791,,
149,0.000814843627,-0.0287688439129852,,
150,0.0008169269595,-0.0296482408884913,,
151,0.000819010292,-0.0305276378639974,,
152,0.0008210936245,-0.0310301504214294,,
153,0.000823176957,-0.0319095473969355,,
154,0.0008252602895,-0.0321608036756516,,
155,0.000827343622,-0.0339195976266637,,
156,0.0008294269545,-0.0334170850692317,,
157,0.000831510287,-0.0339195976266637,,
158,0.0008335936195,-0.0347989946021698,,
159,0.000835676952,-0.035804019717034,,
160,0.0008377602845,-0.03605527599575,,
161,0.000839843617,-0.0375628136680461,,
162,0.0008419269495,-0.0385678387829103,,
163,0.000844010282,-0.0395728638977744,,
164,0.0008460936145,-0.0394472357584164,,
165,0.000848176947,-0.0402010045945644,,
166,0.0008502602795,-0.0409547734307125,,
167,0.000852343612,-0.0420854266849346,,
168,0.0008544269445,-0.0420854266849346,,
169,0.000856510277,-0.0442211050540209,,
170,0.0008585936095,-0.0442211050540209,,
171,0.000860676942,-0.045351758308243,,
172,0.0008627602745,-0.0461055271443911,,
173,0.000864843607,-0.0466080397018231,,
174,0.0008669269395,-0.0473618085379712,,
175,0.000869010272,-0.0488693462102674,,
176,0.0008710936045,-0.0497487431857735,,
177,0.000873176937,-0.0502512557432055,,
178,0.0008752602695,-0.0505025120219216,,
179,0.000877343602,-0.0526381903910078,,
180,0.0008794269345,-0.0526381903910078,,
181,0.000881510267,-0.0536432155058719,,
182,0.0008835935995,-0.0552763813175261,,
183,0.000885676932,-0.0564070345717482,,
184,0.0008877602645,-0.0572864315472543,,
185,0.000889843597,-0.0580402003834024,,
186,0.0008919269295,-0.0594221099163406,,
187,0.000894010262,-0.0606783913099207,,
188,0.0008960935945,-0.0623115571215749,,
189,0.000898176927,-0.0625628134002909,,
190,0.0009002602595,-0.063442210375797,,
191,0.000902343592,-0.0640703510725871,,
192,0.0009044269245,-0.0653266324661672,,
193,0.000906510257,-0.0660804013023153,,
194,0.0009085935895,-0.0673366826958954,,
195,0.000910676922,-0.0685929640894756,,
196,0.0009127602545,-0.0685929640894756,,
197,0.000914843587,-0.0697236173436977,,
198,0.0009169269195,-0.0707286424585618,,
199,0.000919010252,-0.0713567831553519,,
200,0.0009210935845,-0.0719849238521419,,
201,0.000923176917,-0.0731155771063641,,
202,0.0009252602495,-0.0732412052457221,,
203,0.000927343582,-0.0738693459425122,,
204,0.0009294269145,-0.0756281398935243,,
205,0.000931510247,-0.0757537680328824,,
206,0.0009335935795,-0.0765075368690304,,
207,0.000935676912,-0.0772613057051785,,
208,0.0009377602445,-0.0780150745413266,,
209,0.000939843577,-0.0785175870987587,,
210,0.0009419269095,-0.0796482403529808,,
211,0.000944010242,-0.0792713559349068,,
212,0.0009460935745,-0.0806532654678449,,
213,0.000948176907,-0.081532662443351,,
214,0.0009502602395,-0.081783918722067,,
215,0.000952343572,-0.0820351750007831,,
216,0.0009544269045,-0.0827889438369311,,
217,0.000956510237,-0.0830402001156472,,
218,0.0009585935695,-0.0841708533698693,,
219,0.000960676902,-0.0850502503453754,,
220,0.0009627602345,-0.0861809035995975,,
221,0.000964843567,-0.0855527629028074,,
222,0.0009669268995,-0.0864321598783135,,
223,0.000969010232,-0.0859296473208815,,
224,0.0009710935645,-0.0866834161570296,,
225,0.000973176897,-0.0861809035995975,,
226,0.0009752602295,-0.0861809035995975,,
227,0.000977343562,-0.0863065317389555,,
228,0.0009794268945,-0.0865577880176716,,
229,0.000981510227,-0.0859296473208815,,
230,0.0009835935595,-0.0854271347634494,,
231,0.000985676892,-0.0850502503453754,,
232,0.0009877602245,-0.0854271347634494,,
233,0.000989843557,-0.0841708533698693,,
234,0.0009919268895,-0.0836683408124372,,
235,0.000994010222,-0.0826633156975731,,
236,0.0009960935545,-0.0825376875582151,,
237,0.000998176887,-0.0826633156975731,,
238,0.0010002602195,-0.081658290582709,,
239,0.001002343552,-0.0806532654678449,,
240,0.0010044268845,-0.0793969840742648,,
241,0.001006510217,-0.0787688433774747,,
242,0.0010085935495,-0.0777638182626106,,
243,0.001010676882,-0.0766331650083885,,
244,0.0010127602145,-0.0746231147786602,,
245,0.001014843547,-0.0738693459425122,,
246,0.0010169268795,-0.0719849238521419,,
247,0.001019010212,-0.0708542705979198,,
248,0.0010210935445,-0.0702261299011298,,
249,0.001023176877,-0.0685929640894756,,
250,0.0010252602095,-0.0672110545565374,,
251,0.001027343542,-0.0663316575810313,,
252,0.0010294268745,-0.0645728636300191,,
253,0.001031510207,-0.0621859289822169,,
254,0.0010335935395,-0.0610552757279947,,
255,0.001035676872,-0.0591708536376245,,
256,0.0010377602045,-0.0581658285227604,,
257,0.001039843537,-0.0559045220143162,,
258,0.0010419268695,-0.053894471784588,,
259,0.001044010202,-0.0516331652761437,,
260,0.0010460935345,-0.0507537683006376,,
261,0.001048176867,-0.0481155773741193,,
262,0.0010502601995,-0.045477386447601,,
263,0.001052343532,-0.0435929643572308,,
264,0.0010544268645,-0.0410804015700705,,
265,0.001056510197,-0.0393216076190583,,
266,0.0010585935295,-0.0368090448318981,,
267,0.001060676862,-0.0344221101840958,,
268,0.0010627601945,-0.0310301504214294,,
269,0.001064843527,-0.0290201001917012,,
270,0.0010669268595,-0.026884421822615,,
271,0.001069010192,-0.0236180901993066,,
272,0.0010710935245,-0.0201005022972822,,
273,0.001073176857,-0.0185929646249861,,
274,0.0010752601895,-0.0155778892803937,,
275,0.001077343522,-0.0119346732390113,,
276,0.0010794268545,-0.00979899486992508,,
277,0.001081510187,-0.00640703510725871,,
278,0.0010835935195,-0.00376884418074042,,
279,0.001085676852,-0.000753768836148083,,
280,0.0010877601845,0.00314070348395035,,
281,0.001089843517,0.00565326627111062,,
282,0.0010919268495,0.00866834161570296,,
283,0.001094010182,0.0115577888209373,,
284,0.0010960935145,0.0143216078868136,,
285,0.001098176847,0.017839195788838,,
286,0.0011002601795,0.0208542711334303,,
287,0.001102343512,0.0241206027567387,,
288,0.0011044268445,0.027261306240689,,
289,0.001106510177,0.0296482408884913,,
290,0.0011085935095,0.0326633162330836,,
291,0.001110676842,0.036180904135108,,
292,0.0011127601745,0.0399497483158484,,
293,0.001114843507,0.0412060297094285,,
294,0.0011169268395,0.045603014586959,,
295,0.001119010172,0.0484924617921934,,
296,0.0011210935045,0.0503768838825636,,
297,0.001123176837,0.0537688436452299,,
298,0.0011252601695,0.0567839189898223,,
299,0.001127343502,0.0594221099163406,,
300,0.0011294268345,0.0619346727035008,,
301,0.001131510167,0.0644472354906611,,
302,0.0011335934995,0.0663316575810313,,
303,0.001135676832,0.0684673359501176,,
304,0.0011377601645,0.0703517580404878,,
305,0.001139843497,0.0736180896637961,,
306,0.0011419268295,0.0748743710573763,,
307,0.001144010162,0.0767587931477465,,
308,0.0011460934945,0.0782663308200426,,
309,0.001148176827,0.0805276373284869,,
310,0.0011502601595,0.081909546861425,,
311,0.001152343492,0.0832914563943632,,
312,0.0011544268245,0.0849246222060174,,
313,0.001156510157,0.0859296473208815,,
314,0.0011585934895,0.0871859287144616,,
315,0.001160676822,0.0881909538293257,,
316,0.0011627601545,0.0900753759196959,,
317,0.001164843487,0.0891959789441898,,
318,0.0011669268195,0.090703516616486,,
319,0.001169010152,0.090577888477128,,
320,0.0011710934845,0.0912060291739181,,
321,0.001173176817,0.0917085417313501,,
322,0.0011752601495,0.0913316573132761,,
323,0.001177343482,0.0914572854526341,,
324,0.0011794268145,0.0914572854526341,,
325,0.001181510147,0.0900753759196959,,
326,0.0011835934795,0.090201004059054,,
327,0.001185676812,0.0893216070835479,,
328,0.0011877601445,0.0885678382473998,,
329,0.001189843477,0.0868090442963876,,
330,0.0011919268095,0.0853015066240914,,
331,0.001194010142,0.0855527629028074,,
332,0.0011960934745,0.0831658282550052,,
333,0.001198176807,0.0825376875582151,,
334,0.0012002601395,0.0798994966316968,,
335,0.001202343472,0.0791457277955487,,
336,0.0012044268045,0.0765075368690304,,
337,0.001206510137,0.0744974866393022,,
338,0.0012085934695,0.072864320827648,,
339,0.001210676802,0.0704773861798458,,
340,0.0012127601345,0.0683417078107595,,
341,0.001214843467,0.0663316575810313,,
342,0.0012169267995,0.063567838515155,,
343,0.001219010132,0.0613065320067108,,
344,0.0012210934645,0.0587939692195505,,
345,0.001223176797,0.0559045220143162,,
346,0.0012252601295,0.0533919592271559,,
347,0.001227343462,0.0503768838825636,,
348,0.0012294267945,0.0489949743496254,,
349,0.001231510127,0.045100502029527,,
350,0.0012335934595,0.0418341704062186,,
351,0.001235676792,0.0384422106435522,,
352,0.0012377601245,0.0354271352989599,,
353,0.001239843457,0.0335427132085897,,
354,0.0012419267895,0.0291457283310592,,
355,0.001244010122,0.0265075374045409,,
356,0.0012460934545,0.0243718590354547,,
357,0.001248176787,0.0209798992727883,,
358,0.0012502601195,0.018090452067554,,
359,0.001252343452,0.0148241204442456,,
360,0.0012544267845,0.0120603013783693,,
361,0.001256510117,0.009045226033777,,
362,0.0012585934495,0.00741206022212282,,
363,0.001260676782,0.00489949743496254,,
364,0.0012627601145,0.00175879395101219,,
365,0.001264843447,-0.000376884418074042,,
366,0.0012669267795,-0.00314070348395035,,
367,0.001269010112,-0.00577889441046864,,
368,0.0012710934445,-0.00753768836148083,,
369,0.001273176777,-0.00942211045185104,,
370,0.0012752601095,-0.0119346732390113,,
371,0.001277343442,-0.0139447234687395,,
372,0.0012794267745,-0.0160804018378258,,
373,0.001281510107,-0.01771356764948,,
374,0.0012835934395,-0.0190954771824181,,
375,0.001285676772,-0.0206030148547143,,
376,0.0012877601045,-0.0226130650844425,,
377,0.001289843437,-0.0233668339205906,,
378,0.0012919267695,-0.0249999997322448,,
379,0.001294010102,-0.0260050248471089,,
380,0.0012960934345,-0.0260050248471089,,
381,0.001298176767,-0.0266331655438989,,
382,0.0013002600995,-0.0263819092651829,,
383,0.001302343432,-0.0266331655438989,,
384,0.0013044267645,-0.0266331655438989,,
385,0.001306510097,-0.0262562811258249,,
386,0.0013085934295,-0.0253768841503188,,
387,0.001310676762,-0.0251256278716028,,
388,0.0013127600945,-0.0247487434535287,,
389,0.001314843427,-0.0233668339205906,,
390,0.0013169267595,-0.0221105525270104,,
391,0.001319010092,-0.0219849243876524,,
392,0.0013210934245,-0.0202261304366402,,
393,0.001323176757,-0.01834170834627,,
394,0.0013252600895,-0.0169597988133319,,
395,0.001327343422,-0.0152010048623197,,
396,0.0013294267545,-0.0135678390506655,,
397,0.001331510087,-0.0108040199847892,,
398,0.0013335934195,-0.00929648231249303,,
399,0.001335676752,-0.00804020091891289,,
400,0.0013377600845,-0.00552763813175261,,
401,0.001339843417,-0.00301507534459233,,
402,0.0013419267495,-0.000879396975506097,,
403,0.001344010082,0.00100502511486411,,
404,0.0013460934145,0.00351758790202439,,
405,0.001348176747,0.00628140696790069,,
406,0.0013502600795,0.00879396975506097,,
407,0.001352343412,0.0118090450996533,,
408,0.0013544267445,0.0143216078868136,,
409,0.001356510077,0.0175879395101219,,
410,0.0013585934095,0.0198492460185662,,
411,0.001360676742,0.0223618088057265,,
412,0.0013627600745,0.0255025122896768,,
413,0.001364843407,0.0278894469374791,,
414,0.0013669267395,0.0310301504214294,,
415,0.001369010072,0.0329145725117996,,
416,0.0013710934045,0.0350502508808859,,
417,0.001373176737,0.0373115573893301,,
418,0.0013752600695,0.0404522608732805,,
419,0.001377343402,0.0418341704062186,,
420,0.0013794267345,0.0434673362178728,,
421,0.001381510067,0.045728642726317,,
422,0.0013835933995,0.0478643210954033,,
423,0.001385676732,0.0482412055134773,,
424,0.0013877600645,0.0503768838825636,,
425,0.001389843397,0.0515075371367857,,
426,0.0013919267295,0.0525125622516498,,
427,0.001394010062,0.0532663310877979,,
428,0.0013960933945,0.054522612481378,,
429,0.001398176727,0.054773868760094,,
430,0.0014002600595,0.054522612481378,,
431,0.001402343392,0.0550251250388101,,
432,0.0014044267245,0.054648240620736,,
433,0.001406510057,0.0551507531781681,,
434,0.0014085933895,0.054648240620736,,
435,0.001410676722,0.0536432155058719,,
436,0.0014127600545,0.0530150748090819,,
437,0.001414843387,0.0526381903910078,,
438,0.0014169267195,0.0503768838825636,,
439,0.001419010052,0.0493718587676995,,
440,0.0014210933845,0.0482412055134773,,
441,0.001423176717,0.0464824115624651,,
442,0.0014252600495,0.0438442206359468,,
443,0.001427343382,0.0430904517997988,,
444,0.0014294267145,0.0405778890126385,,
445,0.001431510047,0.0394472357584164,,
446,0.0014335933795,0.0366834166925401,,
447,0.001435676712,0.0346733664628118,,
448,0.0014377600445,0.0319095473969355,,
449,0.001439843377,0.0297738690278493,,
450,0.0014419267095,0.0276381906587631,,
451,0.001444010042,0.0244974871748127,,
452,0.0014460933745,0.0222361806663685,,
453,0.001448176707,0.0203517585759982,,
454,0.0014502600395,0.018090452067554,,
455,0.001452343372,0.0152010048623197,,
456,0.0014544267045,0.0133165827719495,,
457,0.001456510037,0.0106783918454312,,
458,0.0014585933695,0.00866834161570296,,
459,0.001460676702,0.00552763813175261,,
460,0.0014627600345,0.00489949743496254,,
461,0.001464843367,0.00326633162330836,,
462,0.0014669266995,0.00138190953293815,,
463,0.001469010032,0.000376884418074042,,
464,0.0014710933645,-0.00188442209037021,,
465,0.001473176697,-0.00301507534459233,,
466,0.0014752600295,-0.00427135673817247,,
467,0.001477343362,-0.00489949743496254,,
468,0.0014794266945,-0.00678391952533275,,
469,0.001481510027,-0.00603015068918467,,
470,0.0014835933595,-0.00653266324661672,,
471,0.001485676692,-0.00703517580404878,,
472,0.0014877600245,-0.00665829138597474,,
473,0.001489843357,-0.0072864320827648,,
474,0.0014919266895,-0.00603015068918467,,
475,0.001494010022,-0.00603015068918467,,
476,0.0014960933545,-0.00515075371367857,,
477,0.001498176687,-0.00477386929560453,,
478,0.0015002600195,-0.00376884418074042,,
479,0.001502343352,-0.00314070348395035,,
480,0.0015044266845,-0.00138190953293815,,
481,0.001506510017,-0.000628140696790069,,
482,0.0015085933495,0.00100502511486411,,
483,0.001510676682,0.00125628139358014,,
484,0.0015127600145,0.00376884418074042,,
485,0.001514843347,0.00640703510725871,,
486,0.0015169266795,0.00703517580404878,,
487,0.001519010012,0.00942211045185104,,
488,0.0015210933445,0.0110552762635052,,
489,0.001523176677,0.0126884420751594,,
490,0.0015252600095,0.0143216078868136,,
491,0.001527343342,0.0170854269526899,,
492,0.0015294266745,0.0185929646249861,,
493,0.001531510007,0.0214824118302204,,
494,0.0015335933395,0.0227386932238005,,
495,0.001535676672,0.0246231153141707,,
496,0.0015377600045,0.027135678101331,,
497,0.001539843337,0.0280150750768371,,
498,0.0015419266695,0.0292713564704172,,
499,0.001544010002,0.0312814067001455,,
500,0.0015460933345,0.0329145725117996,,
501,0.001548176667,0.0340452257660218,,
502,0.0015502599995,0.0345477383234538,,
503,0.001552343332,0.0346733664628118,,
504,0.0015544266645,0.0355527634383179,,
505,0.001556509997,0.036180904135108,,
506,0.0015585933295,0.0369346729712561,,
507,0.001560676662,0.036557788553182,,
508,0.0015627599945,0.03605527599575,,
509,0.001564843327,0.0366834166925401,,
510,0.0015669266595,0.036306532274466,,
511,0.001569009992,0.0356783915776759,,
512,0.0015710933245,0.0351758790202439,,
513,0.001573176657,0.0342964820447378,,
514,0.0015752599895,0.0329145725117996,,
515,0.001577343322,0.0327889443724416,,
516,0.0015794266545,0.0306532660033554,,
517,0.001581509987,0.0295226127491333,,
518,0.0015835933195,0.0285175876342691,,
519,0.001585676652,0.027261306240689,,
520,0.0015877599845,0.0252512560109608,,
521,0.001589843317,0.0244974871748127,,
522,0.0015919266495,0.0229899495025165,,
523,0.001594009982,0.0211055274121463,,
524,0.0015960933145,0.0202261304366402,,
525,0.001598176647,0.018090452067554,,
526,0.0016002599795,0.0168341706739739,,
527,0.001602343312,0.0157035174197517,,
528,0.0016044266445,0.0136934671900235,,
529,0.001606509977,0.0125628139358014,,
530,0.0016085933095,0.0124371857964434,,
531,0.001610676642,0.0106783918454312,,
532,0.0016127599745,0.00979899486992508,,
533,0.001614843307,0.00854271347634494,,
534,0.0016169266395,0.00766331650083885,,
535,0.001619009972,0.00716080394340679,,
536,0.0016210933045,0.00603015068918467,,
537,0.001623176637,0.00577889441046864,,
538,0.0016252599695,0.00590452254982665,,
539,0.001627343302,0.00502512557432055,,
540,0.0016294266345,0.0045226130168885,,
541,0.001631509967,0.0045226130168885,,
542,0.0016335932995,0.0045226130168885,,
543,0.001635676632,0.00477386929560453,,
544,0.0016377599645,0.00552763813175261,,
545,0.001639843297,0.0054020099923946,,
546,0.0016419266295,0.00590452254982665,,
547,0.001644009962,0.00628140696790069,,
548,0.0016460932945,0.00778894464019686,,
549,0.001648176627,0.00829145719762892,,
550,0.0016502599595,0.009045226033777,,
551,0.001652343292,0.0105527637060732,,
552,0.0016544266245,0.0108040199847892,,
553,0.001656509957,0.0121859295177273,,
554,0.0016585932895,0.0131909546325915,,
555,0.001660676622,0.0141959797474556,,
556,0.0016627599545,0.0159547736984678,,
557,0.001664843287,0.0172110550920479,,
558,0.0016669266195,0.017839195788838,,
559,0.001669009952,0.0190954771824181,,
560,0.0016710932845,0.0199748741579242,,
561,0.001673176617,0.0219849243876524,,
562,0.0016752599495,0.0226130650844425,,
563,0.001677343282,0.0236180901993066,,
564,0.0016794266145,0.0238693464780226,,
565,0.001681509947,0.0247487434535287,,
566,0.0016835932795,0.0260050248471089,,
567,0.001685676612,0.0262562811258249,,
568,0.0016877599445,0.026884421822615,,
569,0.001689843277,0.0265075374045409,,
570,0.0016919266095,0.026758793683257,,
571,0.001694009942,0.026758793683257,,
572,0.0016960932745,0.0266331655438989,,
573,0.001698176607,0.026884421822615,,
574,0.0017002599395,0.0260050248471089,,
575,0.001702343272,0.0251256278716028,,
576,0.0017044266045,0.0255025122896768,,
577,0.001706509937,0.0241206027567387,,
578,0.0017085932695,0.0238693464780226,,
579,0.001710676602,0.0227386932238005,,
580,0.0017127599345,0.0226130650844425,,
581,0.001714843267,0.0204773867153563,,
582,0.0017169265995,0.0194723616004922,,
583,0.001719009932,0.017839195788838,,
584,0.0017210932645,0.01834170834627,,
585,0.001723176597,0.0169597988133319,,
586,0.0017252599295,0.0158291455591097,,
587,0.001727343262,0.0152010048623197,,
588,0.0017294265945,0.0136934671900235,,
589,0.001731509927,0.0134422109113075,,
590,0.0017335932595,0.0125628139358014,,
591,0.001735676592,0.0116834169602953,,
592,0.0017377599245,0.0109296481241472,,
593,0.001739843257,0.0104271355667152,,
594,0.0017419265895,0.0099246230092831,,
595,0.001744009922,0.00954773859120905,,
596,0.0017460932545,0.0101758792879991,,
597,0.001748176587,0.00891959789441898,,
598,0.0017502599195,0.00917085417313501,,
599,0.001752343252,0.00954773859120905,,
600,0.0017544265845,0.00967336673056707,,
601,0.001756509917,0.0108040199847892,,
602,0.0017585932495,0.0103015074273571,,
603,0.001760676582,0.0100502511486411,,
604,0.0017627599145,0.0109296481241472,,
605,0.001764843247,0.0111809044028632,,
606,0.0017669265795,0.0116834169602953,,
607,0.001769009912,0.0125628139358014,,
608,0.0017710932445,0.0136934671900235,,
609,0.001773176577,0.0135678390506655,,
610,0.0017752599095,0.0152010048623197,,
611,0.001777343242,0.0163316581165418,,
612,0.0017794265745,0.0163316581165418,,
613,0.001781509907,0.017839195788838,,
614,0.0017835932395,0.0187185927643441,,
615,0.001785676572,0.0188442209037021,,
616,0.0017877599045,0.0195979897398502,,
617,0.001789843237,0.0211055274121463,,
618,0.0017919265695,0.0212311555515043,,
619,0.001794009902,0.0218592962482944,,
620,0.0017960932345,0.0223618088057265,,
621,0.001798176567,0.0227386932238005,,
622,0.0018002598995,0.0229899495025165,,
623,0.001802343232,0.0232412057812326,,
624,0.0018044265645,0.0229899495025165,,
625,0.001806509897,0.0229899495025165,,
626,0.0018085932295,0.0236180901993066,,
627,0.001810676562,0.0234924620599486,,
628,0.0018127598945,0.0237437183386646,,
629,0.001814843227,0.0234924620599486,,
630,0.0018169265595,0.0232412057812326,,
631,0.001819009892,0.0219849243876524,,
632,0.0018210932245,0.0223618088057265,,
633,0.001823176557,0.0218592962482944,,
634,0.0018252598895,0.0217336681089364,,
635,0.001827343222,0.0197236178792082,,
636,0.0018294265545,0.0202261304366402,,
637,0.001831509887,0.0204773867153563,,
638,0.0018335932195,0.0198492460185662,,
639,0.001835676552,0.0185929646249861,,
640,0.0018377598845,0.0185929646249861,,
641,0.001839843217,0.018090452067554,,
642,0.0018419265495,0.017964823928196,,
643,0.001844009882,0.0164572862558998,,
644,0.0018460932145,0.0167085425346158,,
645,0.001848176547,0.0153266330016777,,
646,0.0018502598795,0.0155778892803937,,
647,0.001852343212,0.0153266330016777,,
648,0.0018544265445,0.0150753767229617,,
649,0.001856509877,0.0146984923048876,,
650,0.0018585932095,0.0146984923048876,,
651,0.001860676542,0.0141959797474556,,
652,0.0018627598745,0.0154522611410357,,
653,0.001864843207,0.0154522611410357,,
654,0.0018669265395,0.0150753767229617,,
655,0.001869009872,0.0153266330016777,,
656,0.0018710932045,0.0158291455591097,,
657,0.001873176537,0.0168341706739739,,
658,0.0018752598695,0.0160804018378258,,
659,0.001877343202,0.0164572862558998,,
660,0.0018794265345,0.0173366832314059,,
661,0.001881509867,0.01771356764948,,
662,0.0018835931995,0.01834170834627,,
663,0.001885676532,0.018467336485628,,
664,0.0018877598645,0.018216080206912,,
665,0.001889843197,0.0190954771824181,,
666,0.0018919265295,0.0194723616004922,,
667,0.001894009862,0.0199748741579242,,
668,0.0018960931945,0.0204773867153563,,
669,0.001898176527,0.0209798992727883,,
670,0.0019002598595,0.0204773867153563,,
671,0.001902343192,0.0211055274121463,,
672,0.0019044265245,0.0204773867153563,,
673,0.001906509857,0.0208542711334303,,
674,0.0019085931895,0.0197236178792082,,
675,0.001910676522,0.0203517585759982,,
676,0.0019127598545,0.0195979897398502,,
677,0.001914843187,0.0198492460185662,,
678,0.0019169265195,0.0187185927643441,,
679,0.001919009852,0.018467336485628,,
680,0.0019210931845,0.0197236178792082,,
681,0.001923176517,0.0192211053217761,,
682,0.0019252598495,0.0185929646249861,,
683,0.001927343182,0.0187185927643441,,
684,0.0019294265145,0.017964823928196,,
685,0.001931509847,0.0173366832314059,,
686,0.0019335931795,0.01771356764948,,
687,0.001935676512,0.0172110550920479,,
688,0.0019377598445,0.0170854269526899,,
689,0.001939843177,0.0160804018378258,,
690,0.0019419265095,0.0157035174197517,,
691,0.001944009842,0.0160804018378258,,
692,0.0019460931745,0.0153266330016777,,
693,0.001948176507,0.0167085425346158,,
694,0.0019502598395,0.0162060299771838,,
695,0.001952343172,0.0168341706739739,,
696,0.0019544265045,0.0153266330016777,,
697,0.001956509837,0.0158291455591097,,
698,0.0019585931695,0.0155778892803937,,
699,0.001960676502,0.0153266330016777,,
700,0.0019627598345,0.0163316581165418,,
701,0.001964843167,0.0163316581165418,,
702,0.0019669264995,0.0163316581165418,,
703,0.001969009832,0.0159547736984678,,
704,0.0019710931645,0.0160804018378258,,
705,0.001973176497,0.0169597988133319,,
706,0.0019752598295,0.0175879395101219,,
707,0.001977343162,0.0169597988133319,,
708,0.0019794264945,0.0175879395101219,,
709,0.001981509827,0.017839195788838,,
710,0.0019835931595,0.0172110550920479,,
711,0.001985676492,0.018090452067554,,
712,0.0019877598245,0.0187185927643441,,
713,0.001989843157,0.0188442209037021,,
714,0.0019919264895,0.0185929646249861,,
715,0.001994009822,0.0188442209037021,,
716,0.0019960931545,0.018090452067554,,
717,0.001998176487,0.018090452067554,,
718,0.0020002598195,0.017964823928196,,
719,0.002002343152,0.01834170834627,,
720,0.0020044264845,0.0175879395101219,,
721,0.002006509817,0.017964823928196,,
722,0.0020085931495,0.0185929646249861,,
723,0.002010676482,0.0173366832314059,,
724,0.0020127598145,0.0174623113707639,,
725,0.002014843147,0.0173366832314059,,
726,0.0020169264795,0.0163316581165418,,
727,0.002019009812,0.0163316581165418,,
728,0.0020210931445,0.0162060299771838,,
729,0.002023176477,0.0163316581165418,,
730,0.0020252598095,0.0160804018378258,,
731,0.002027343142,0.0164572862558998,,
732,0.0020294264745,0.0154522611410357,,
733,0.002031509807,0.0153266330016777,,
734,0.0020335931395,0.0157035174197517,,
735,0.002035676472,0.0158291455591097,,
736,0.0020377598045,0.0146984923048876,,
737,0.002039843137,0.0153266330016777,,
738,0.0020419264695,0.0155778892803937,,
739,0.002044009802,0.0152010048623197,,
740,0.0020460931345,0.0153266330016777,,
741,0.002048176467,0.0152010048623197,,
742,0.0020502597995,0.0153266330016777,,
743,0.002052343132,0.0152010048623197,,
744,0.0020544264645,0.0157035174197517,,
745,0.002056509797,0.0155778892803937,,
746,0.0020585931295,0.0159547736984678,,
747,0.002060676462,0.0162060299771838,,
748,0.0020627597945,0.0160804018378258,,
749,0.002064843127,0.0172110550920479,,
750,0.0020669264595,0.0174623113707639,,
751,0.002069009792,0.0170854269526899,,
752,0.0020710931245,0.017964823928196,,
753,0.002073176457,0.017839195788838,,
754,0.0020752597895,0.018467336485628,,
755,0.002077343122,0.017839195788838,,
756,0.0020794264545,0.0188442209037021,,
757,0.002081509787,0.0185929646249861,,
758,0.0020835931195,0.0187185927643441,,
759,0.002085676452,0.018467336485628,,
760,0.0020877597845,0.0190954771824181,,
761,0.002089843117,0.0185929646249861,,
762,0.0020919264495,0.01834170834627,,
763,0.002094009782,0.018467336485628,,
764,0.0020960931145,0.0185929646249861,,
765,0.002098176447,0.01834170834627,,
766,0.0021002597795,0.0188442209037021,,
767,0.002102343112,0.01834170834627,,
768,0.0021044264445,0.0188442209037021,,
769,0.002106509777,0.018090452067554,,
770,0.0021085931095,0.018467336485628,,
771,0.002110676442,0.018467336485628,,
772,0.0021127597745,0.018467336485628,,
773,0.002114843107,0.0187185927643441,,
774,0.0021169264395,0.017839195788838,,
775,0.002119009772,0.017964823928196,,
776,0.0021210931045,0.0168341706739739,,
777,0.002123176437,0.018090452067554,,
778,0.0021252597695,0.0164572862558998,,
779,0.002127343102,0.0175879395101219,,
780,0.0021294264345,0.017964823928196,,
781,0.002131509767,0.01834170834627,,
782,0.0021335930995,0.0185929646249861,,
783,0.002135676432,0.017839195788838,,
784,0.0021377597645,0.0193467334611341,,
785,0.002139843097,0.017964823928196,,
786,0.0021419264295,0.018467336485628,,
787,0.002144009762,0.0188442209037021,,
788,0.0021460930945,0.0187185927643441,,
789,0.002148176427,0.0188442209037021,,
790,0.0021502597595,0.0193467334611341,,
791,0.002152343092,0.0193467334611341,,
792,0.0021544264245,0.0187185927643441,,
793,0.002156509757,0.0189698490430601,,
794,0.0021585930895,0.01834170834627,,
795,0.002160676422,0.0185929646249861,,
796,0.0021627597545,0.018216080206912,,
797,0.002164843087,0.0190954771824181,,
798,0.0021669264195,0.0190954771824181,,
799,0.002169009752,0.0193467334611341,,
800,0.0021710930845,0.0188442209037021,,
801,0.002173176417,0.0188442209037021,,
802,0.0021752597495,0.018216080206912,,
803,0.002177343082,0.01771356764948,,
804,0.0021794264145,0.01771356764948,,
805,0.002181509747,0.0185929646249861,,
806,0.0021835930795,0.017964823928196,,
807,0.002185676412,0.017964823928196,,
808,0.0021877597445,0.018216080206912,,
809,0.002189843077,0.01771356764948,,
810,0.0021919264095,0.018216080206912,,
811,0.002194009742,0.0175879395101219,,
812,0.0021960930745,0.0174623113707639,,
813,0.002198176407,0.01771356764948,,
814,0.0022002597395,0.0172110550920479,,
815,0.002202343072,0.0163316581165418,,
816,0.0022044264045,0.0168341706739739,,
817,0.002206509737,0.0164572862558998,,
818,0.0022085930695,0.0169597988133319,,
819,0.002210676402,0.0165829143952578,,
820,0.0022127597345,0.0168341706739739,,
821,0.002214843067,0.0159547736984678,,
822,0.0022169263995,0.0163316581165418,,
823,0.002219009732,0.0158291455591097,,
824,0.0022210930645,0.0163316581165418,,
825,0.002223176397,0.0164572862558998,,
826,0.0022252597295,0.0162060299771838,,
827,0.002227343062,0.0164572862558998,,
828,0.0022294263945,0.0162060299771838,,
829,0.002231509727,0.0160804018378258,,
830,0.0022335930595,0.0162060299771838,,
831,0.002235676392,0.0167085425346158,,
832,0.0022377597245,0.0164572862558998,,
833,0.002239843057,0.0165829143952578,,
834,0.0022419263895,0.0162060299771838,,
835,0.002244009722,0.0169597988133319,,
836,0.0022460930545,0.0167085425346158,,
837,0.002248176387,0.0158291455591097,,
838,0.0022502597195,0.0160804018378258,,
839,0.002252343052,0.0160804018378258,,
840,0.0022544263845,0.0155778892803937,,
841,0.002256509717,0.0158291455591097,,
842,0.0022585930495,0.0162060299771838,,
843,0.002260676382,0.0153266330016777,,
844,0.0022627597145,0.0164572862558998,,
845,0.002264843047,0.0158291455591097,,
846,0.0022669263795,0.0164572862558998,,
847,0.002269009712,0.0158291455591097,,
848,0.0022710930445,0.0162060299771838,,
849,0.002273176377,0.0157035174197517,,
850,0.0022752597095,0.0167085425346158,,
851,0.002277343042,0.0167085425346158,,
852,0.0022794263745,0.0164572862558998,,
853,0.002281509707,0.0168341706739739,,
854,0.0022835930395,0.01771356764948,,
855,0.002285676372,0.0165829143952578,,
856,0.0022877597045,0.0173366832314059,,
857,0.002289843037,0.0164572862558998,,
858,0.0022919263695,0.0170854269526899,,
859,0.002294009702,0.0167085425346158,,
860,0.0022960930345,0.0167085425346158,,
861,0.002298176367,0.0167085425346158,,
862,0.0023002596995,0.0165829143952578,,
863,0.002302343032,0.0165829143952578,,
864,0.0023044263645,0.0169597988133319,,
865,0.002306509697,0.0159547736984678,,
866,0.0023085930295,0.0154522611410357,,
867,0.002310676362,0.0160804018378258,,
868,0.0023127596945,0.0157035174197517,,
869,0.002314843027,0.0159547736984678,,
870,0.0023169263595,0.0154522611410357,,
871,0.002319009692,0.0149497485836037,,
872,0.0023210930245,0.0153266330016777,,
873,0.002323176357,0.0153266330016777,,
874,0.0023252596895,0.0150753767229617,,
875,0.002327343022,0.0145728641655296,,
876,0.0023294263545,0.0152010048623197,,
877,0.002331509687,0.0139447234687395,,
878,0.0023335930195,0.0141959797474556,,
879,0.002335676352,0.0139447234687395,,
880,0.0023377596845,0.0135678390506655,,
881,0.002339843017,0.0140703516080976,,
882,0.0023419263495,0.0130653264932334,,
883,0.002344009682,0.0129396983538754,,
884,0.0023460930145,0.0131909546325915,,
885,0.002348176347,0.0135678390506655,,
886,0.0023502596795,0.0133165827719495,,
887,0.002352343012,0.0129396983538754,,
888,0.0023544263445,0.0125628139358014,,
889,0.002356509677,0.0129396983538754,,
890,0.0023585930095,0.0131909546325915,,
891,0.002360676342,0.0128140702145174,,
892,0.0023627596745,0.0134422109113075,,
893,0.002364843007,0.0129396983538754,,
894,0.0023669263395,0.0138190953293815,,
895,0.002369009672,0.0140703516080976,,
896,0.0023710930045,0.0138190953293815,,
897,0.002373176337,0.0138190953293815,,
898,0.0023752596695,0.0143216078868136,,
899,0.002377343002,0.0143216078868136,,
900,0.0023794263345,0.0139447234687395,,
901,0.002381509667,0.0140703516080976,,
902,0.0023835929995,0.0145728641655296,,
903,0.002385676332,0.0138190953293815,,
904,0.0023877596645,0.0134422109113075,,
905,0.002389842997,0.0140703516080976,,
906,0.0023919263295,0.0135678390506655,,
907,0.002394009662,0.0136934671900235,,
908,0.0023960929945,0.0140703516080976,,
909,0.002398176327,0.0145728641655296,,
910,0.0024002596595,0.0146984923048876,,
911,0.002402342992,0.0143216078868136,,
912,0.0024044263245,0.0146984923048876,,
913,0.002406509657,0.0145728641655296,,
914,0.0024085929895,0.0140703516080976,,
915,0.002410676322,0.0141959797474556,,
916,0.0024127596545,0.0152010048623197,,
917,0.002414842987,0.0148241204442456,,
918,0.0024169263195,0.0153266330016777,,
919,0.002419009652,0.0149497485836037,,
920,0.0024210929845,0.0145728641655296,,
921,0.002423176317,0.0157035174197517,,
922,0.0024252596495,0.0150753767229617,,
923,0.002427342982,0.0154522611410357,,
924,0.0024294263145,0.0143216078868136,,
925,0.002431509647,0.0144472360261716,,
926,0.0024335929795,0.0140703516080976,,
927,0.002435676312,0.0145728641655296,,
928,0.0024377596445,0.0144472360261716,,
929,0.002439842977,0.0143216078868136,,
930,0.0024419263095,0.0143216078868136,,
931,0.002444009642,0.0136934671900235,,
932,0.0024460929745,0.0141959797474556,,
933,0.002448176307,0.0130653264932334,,
934,0.0024502596395,0.0141959797474556,,
935,0.002452342972,0.0130653264932334,,
936,0.0024544263045,0.0131909546325915,,
937,0.002456509637,0.0136934671900235,,
938,0.0024585929695,0.0133165827719495,,
939,0.002460676302,0.0128140702145174,,
940,0.0024627596345,0.0125628139358014,,
941,0.002464842967,0.0126884420751594,,
942,0.0024669262995,0.0118090450996533,,
943,0.002469009632,0.0124371857964434,,
944,0.0024710929645,0.0116834169602953,,
945,0.002473176297,0.0138190953293815,,
946,0.0024752596295,0.0121859295177273,,
947,0.002477342962,0.0124371857964434,,
948,0.0024794262945,0.0114321606815793,,
949,0.002481509627,0.0129396983538754,,
950,0.0024835929595,0.0125628139358014,,
951,0.002485676292,0.0125628139358014,,
952,0.0024877596245,0.0123115576570854,,
953,0.002489842957,0.0125628139358014,,
954,0.0024919262895,0.0131909546325915,,
955,0.002494009622,0.0130653264932334,,
956,0.0024960929545,0.0126884420751594,,
957,0.002498176287,0.0134422109113075,,
958,0.0025002596195,0.0134422109113075,,
959,0.002502342952,0.0129396983538754,,
