Model: ,Oscilloscope DSO-X 3102A
Serial Number:,MY52490212
Address: ,USBInstrument2
Date: ,2026-02-11 13:46:04

Analog Sample Count:,989,

Setup Text Information:,
ANALOG,,,,,,TRIGGER,,,HORIZONTAL,,,ACQUISITION,,,
Ch 1,,,Ch 2,,,,,,,,,,,,
Scale,3.1 V/,,Scale,24 mV/,,Sweep Mode,Auto,,Mode,MAIN,,Mode,NORM,,
Pos,-4.06875 V,,Pos,73.2 mV,,Coup,DC,,Ref,CENT,,Realtime,On,,
Coup,DC,,Coup,DC,,Noise Rej,Off,,Main Scale,15.2 ms/,,Vectors,On,,
BW,Off,,BW,Off,,HF Rej,Off,,Main Delay,55 ms,,Persistence,Off,,
Inv,Off,,Inv,Off,,Holdoff,40.0 ns,,,,,,,,
Imp,1M Ohm,,Imp,50 Ohm,,Mode,EDGE,,,,,,,,
Probe,1 : 1,,Probe,1 : 1,,Source,Ch 1,,,,,,,,
Skew,0 s,,Skew,0 s,,Slope,POS,,,,,,,,
,,,,,,Level,4.1075 V,,,,,,,,

Analog Channels,,,,,
Sample Number,Time (s),1 (VOLT),2 (VOLT),,
1,-0.0209,0.043812558054924,0.0172402072930709,,
2,-0.0207463992,-0.080810546875,0.016275383241009,,
3,-0.0205927984,0.043812558054924,0.016275383241009,,
4,-0.0204391976,0.043812558054924,0.016275383241009,,
5,-0.0202855968,0.043812558054924,0.0172402072930709,,
6,-0.020131996,0.043812558054924,0.0172402072930709,,
7,-0.0199783952,0.043812558054924,0.016275383241009,,
8,-0.0198247944,0.043812558054924,0.0172402072930709,,
9,-0.0196711936,-0.080810546875,0.0172402072930709,,
10,-0.0195175928,0.043812558054924,0.016275383241009,,
11,-0.019363992,0.043812558054924,0.0153105591889471,,
12,-0.0192103912,-0.080810546875,0.016275383241009,,
13,-0.0190567904,-0.080810546875,0.016275383241009,,
14,-0.0189031896,0.043812558054924,0.016275383241009,,
15,-0.0187495888,-0.080810546875,0.0172402072930709,,
16,-0.018595988,-0.080810546875,0.016275383241009,,
17,-0.0184423872,0.043812558054924,0.016275383241009,,
18,-0.0182887864,0.043812558054924,0.0172402072930709,,
19,-0.0181351856,-0.080810546875,0.016275383241009,,
20,-0.0179815848,0.043812558054924,0.0172402072930709,,
21,-0.017827984,-0.080810546875,0.016275383241009,,
22,-0.0176743832,-0.080810546875,0.0182050313451327,,
23,-0.0175207824,-0.080810546875,0.0153105591889471,,
24,-0.0173671816,-0.080810546875,0.0182050313451327,,
25,-0.0172135808,0.043812558054924,0.0172402072930709,,
26,-0.01705998,-0.080810546875,0.016275383241009,,
27,-0.0169063792,0.043812558054924,0.0172402072930709,,
28,-0.0167527784,0.043812558054924,0.0191698553971946,,
29,-0.0165991776,-0.080810546875,0.016275383241009,,
30,-0.0164455768,-0.080810546875,0.016275383241009,,
31,-0.016291976,-0.080810546875,0.0172402072930709,,
32,-0.0161383752,0.043812558054924,0.016275383241009,,
33,-0.0159847744,-0.205433651804924,0.0172402072930709,,
34,-0.0158311736,-0.080810546875,0.0172402072930709,,
35,-0.0156775728,0.043812558054924,0.016275383241009,,
36,-0.015523972,0.043812558054924,0.0153105591889471,,
37,-0.0153703712,0.043812558054924,0.0182050313451327,,
38,-0.0152167704,-0.080810546875,0.016275383241009,,
39,-0.0150631696,0.043812558054924,0.0172402072930709,,
40,-0.0149095688,0.043812558054924,0.0143457351368852,,
41,-0.014755968,0.043812558054924,0.0172402072930709,,
42,-0.0146023672,0.043812558054924,0.0172402072930709,,
43,-0.0144487664,0.043812558054924,0.016275383241009,,
44,-0.0142951656,-0.080810546875,0.016275383241009,,
45,-0.0141415648,0.043812558054924,0.0172402072930709,,
46,-0.013987964,-0.080810546875,0.016275383241009,,
47,-0.0138343632,0.043812558054924,0.0172402072930709,,
48,-0.0136807624,0.043812558054924,0.0153105591889471,,
49,-0.0135271616,0.043812558054924,0.016275383241009,,
50,-0.0133735608,-0.080810546875,0.0172402072930709,,
51,-0.01321996,-0.080810546875,0.0153105591889471,,
52,-0.0130663592,0.043812558054924,0.016275383241009,,
53,-0.0129127584,0.043812558054924,0.016275383241009,,
54,-0.0127591576,0.043812558054924,0.016275383241009,,
55,-0.0126055568,-0.080810546875,0.0172402072930709,,
56,-0.012451956,-0.080810546875,0.0182050313451327,,
57,-0.0122983552,-0.080810546875,0.0182050313451327,,
58,-0.0121447544,0.043812558054924,0.0172402072930709,,
59,-0.0119911536,0.043812558054924,0.016275383241009,,
60,-0.0118375528,0.043812558054924,0.0172402072930709,,
61,-0.011683952,-0.080810546875,0.0182050313451327,,
62,-0.0115303512,0.043812558054924,0.0172402072930709,,
63,-0.0113767504,0.043812558054924,0.0172402072930709,,
64,-0.0112231496,0.168435662984848,0.0182050313451327,,
65,-0.0110695488,-0.080810546875,0.0182050313451327,,
66,-0.010915948,-0.080810546875,0.0182050313451327,,
67,-0.0107623472,-0.080810546875,0.0172402072930709,,
68,-0.0106087464,-0.080810546875,0.0172402072930709,,
69,-0.0104551456,-0.080810546875,0.0172402072930709,,
70,-0.0103015448,-0.080810546875,0.0182050313451327,,
71,-0.010147944,-0.080810546875,0.0182050313451327,,
72,-0.0099943432,0.043812558054924,0.0172402072930709,,
73,-0.0098407424,0.043812558054924,0.016275383241009,,
74,-0.0096871416,-0.080810546875,0.0182050313451327,,
75,-0.0095335408,0.043812558054924,0.0172402072930709,,
76,-0.00937994,0.043812558054924,0.0172402072930709,,
77,-0.0092263392,0.043812558054924,0.0172402072930709,,
78,-0.0090727384,0.043812558054924,0.0172402072930709,,
79,-0.0089191376,-0.080810546875,0.0191698553971946,,
80,-0.0087655368,0.043812558054924,0.0182050313451327,,
81,-0.008611936,-0.205433651804924,0.016275383241009,,
82,-0.0084583352,-0.080810546875,0.0182050313451327,,
83,-0.0083047344,-0.080810546875,0.0172402072930709,,
84,-0.0081511336,-0.080810546875,0.0172402072930709,,
85,-0.0079975328,-0.080810546875,0.016275383241009,,
86,-0.007843932,-0.080810546875,0.0182050313451327,,
87,-0.0076903312,-0.080810546875,0.0172402072930709,,
88,-0.0075367304,0.043812558054924,0.0172402072930709,,
89,-0.0073831296,-0.080810546875,0.0182050313451327,,
90,-0.0072295288,-0.080810546875,0.0182050313451327,,
91,-0.007075928,0.043812558054924,0.016275383241009,,
92,-0.0069223272,0.043812558054924,0.0191698553971946,,
93,-0.0067687264,-0.080810546875,0.0182050313451327,,
94,-0.0066151256,-0.080810546875,0.0182050313451327,,
95,-0.0064615248,0.043812558054924,0.0172402072930709,,
96,-0.006307924,-0.080810546875,0.016275383241009,,
97,-0.0061543232,0.043812558054924,0.0182050313451327,,
98,-0.0060007224,-0.080810546875,0.0172402072930709,,
99,-0.0058471216,0.043812558054924,0.016275383241009,,
100,-0.0056935208,0.043812558054924,0.0182050313451327,,
101,-0.00553992,-0.080810546875,0.016275383241009,,
102,-0.0053863192,-0.080810546875,0.0182050313451327,,
103,-0.0052327184,0.043812558054924,0.0172402072930709,,
104,-0.0050791176,-0.080810546875,0.0172402072930709,,
105,-0.0049255168,0.043812558054924,0.0172402072930709,,
106,-0.004771916,0.043812558054924,0.0172402072930709,,
107,-0.0046183152,0.043812558054924,0.0172402072930709,,
108,-0.0044647144,0.043812558054924,0.0182050313451327,,
109,-0.0043111136,-0.080810546875,0.0172402072930709,,
110,-0.0041575128,-0.080810546875,0.016275383241009,,
111,-0.004003912,0.043812558054924,0.0182050313451327,,
112,-0.0038503112,0.043812558054924,0.0172402072930709,,
113,-0.0036967104,0.043812558054924,0.0182050313451327,,
114,-0.0035431096,-0.080810546875,0.0182050313451327,,
115,-0.0033895088,0.043812558054924,0.016275383241009,,
116,-0.003235908,-0.080810546875,0.0172402072930709,,
117,-0.0030823072,-0.080810546875,0.0182050313451327,,
118,-0.0029287064,-0.080810546875,0.0182050313451327,,
119,-0.0027751056,-0.080810546875,0.0182050313451327,,
120,-0.0026215048,-0.080810546875,0.0172402072930709,,
121,-0.002467904,-0.080810546875,0.0172402072930709,,
122,-0.0023143032,-0.205433651804924,0.016275383241009,,
123,-0.0021607024,-0.080810546875,0.0182050313451327,,
124,-0.0020071016,-0.080810546875,0.0182050313451327,,
125,-0.0018535008,0.043812558054924,0.0182050313451327,,
126,-0.0016999,0.043812558054924,0.0172402072930709,,
127,-0.0015462992,-0.080810546875,0.0172402072930709,,
128,-0.0013926984,-0.080810546875,0.016275383241009,,
129,-0.0012390976,-0.080810546875,0.0182050313451327,,
130,-0.0010854968,-0.080810546875,0.016275383241009,,
131,-0.000931895999999998,0.043812558054924,0.016275383241009,,
132,-0.000778295199999997,0.043812558054924,0.0172402072930709,,
133,-0.0006246944,-0.080810546875,0.0182050313451327,,
134,-0.0004710936,-0.080810546875,0.016275383241009,,
135,-0.000317492799999999,-0.080810546875,0.0172402072930709,,
136,-0.000163891999999999,0.043812558054924,0.0172402072930709,,
137,-1.02911999999983E-05,0.043812558054924,0.016275383241009,,
138,0.000143309600000002,5.02873675525188,0.0182050313451327,,
139,0.000296910399999999,5.02873675525188,0.0182050313451327,,
140,0.0004505112,4.90411365032196,0.0191698553971946,,
141,0.000604112,4.90411365032196,0.0201346794492565,,
142,0.000757712800000001,5.15335986018181,0.0201346794492565,,
143,0.000911313600000001,5.02873675525188,0.0210995035013184,,
144,0.0010649144,4.90411365032196,0.0201346794492565,,
145,0.0012185152,4.90411365032196,0.0230291516054422,,
146,0.001372116,5.02873675525188,0.0201346794492565,,
147,0.0015257168,5.15335986018181,0.0210995035013184,,
148,0.0016793176,4.90411365032196,0.0220643275533803,,
149,0.0018329184,4.90411365032196,0.0230291516054422,,
150,0.0019865192,5.15335986018181,0.0239939756575041,,
151,0.00214012,4.90411365032196,0.0230291516054422,,
152,0.0022937208,4.77949054539204,0.0239939756575041,,
153,0.0024473216,4.77949054539204,0.0249587997095659,,
154,0.0026009224,5.02873675525188,0.0259236237616278,,
155,0.0027545232,5.02873675525188,0.0268884478136897,,
156,0.002908124,4.90411365032196,0.0259236237616278,,
157,0.0030617248,5.02873675525188,0.0259236237616278,,
158,0.0032153256,5.02873675525188,0.0268884478136897,,
159,0.0033689264,4.90411365032196,0.0268884478136897,,
160,0.0035225272,4.90411365032196,0.0268884478136897,,
161,0.003676128,4.90411365032196,0.0278532718657516,,
162,0.0038297288,5.02873675525188,0.0288180959178135,,
163,0.0039833296,5.02873675525188,0.0288180959178135,,
164,0.0041369304,4.90411365032196,0.0297829199698754,,
165,0.0042905312,5.02873675525188,0.0297829199698754,,
166,0.004444132,5.02873675525188,0.0297829199698754,,
167,0.0045977328,5.15335986018181,0.0307477440219373,,
168,0.0047513336,5.02873675525188,0.0307477440219373,,
169,0.0049049344,4.90411365032196,0.0307477440219373,,
170,0.0050585352,4.90411365032196,0.0317125680739991,,
171,0.005212136,4.90411365032196,0.0317125680739991,,
172,0.0053657368,5.02873675525188,0.032677392126061,,
173,0.0055193376,5.02873675525188,0.0317125680739991,,
174,0.0056729384,4.90411365032196,0.0317125680739991,,
175,0.0058265392,5.02873675525188,0.0336422161781229,,
176,0.00598014,4.90411365032196,0.0336422161781229,,
177,0.0061337408,5.02873675525188,0.032677392126061,,
178,0.0062873416,4.90411365032196,0.0336422161781229,,
179,0.0064409424,5.02873675525188,0.032677392126061,,
180,0.0065945432,4.90411365032196,0.0336422161781229,,
181,0.006748144,5.02873675525188,0.0346070402301848,,
182,0.0069017448,5.02873675525188,0.0346070402301848,,
183,0.0070553456,5.02873675525188,0.0346070402301848,,
184,0.0072089464,5.02873675525188,0.0355718642822467,,
185,0.0073625472,4.90411365032196,0.0355718642822467,,
186,0.007516148,5.02873675525188,0.0346070402301848,,
187,0.0076697488,4.90411365032196,0.0365366883343086,,
188,0.0078233496,5.02873675525188,0.0365366883343086,,
189,0.0079769504,4.90411365032196,0.0365366883343086,,
190,0.0081305512,5.02873675525188,0.0346070402301848,,
191,0.008284152,4.90411365032196,0.0365366883343086,,
192,0.0084377528,5.02873675525188,0.0355718642822467,,
193,0.0085913536,5.02873675525188,0.0355718642822467,,
194,0.0087449544,4.77949054539204,0.0365366883343086,,
195,0.0088985552,4.90411365032196,0.0375015123863705,,
196,0.009052156,4.90411365032196,0.0375015123863705,,
197,0.0092057568,4.90411365032196,0.0365366883343086,,
198,0.0093593576,5.02873675525188,0.0384663364384323,,
199,0.0095129584,4.77949054539204,0.0375015123863705,,
200,0.0096665592,4.90411365032196,0.0384663364384323,,
201,0.00982016,4.77949054539204,0.0394311604904942,,
202,0.0099737608,4.90411365032196,0.0384663364384323,,
203,0.0101273616,5.02873675525188,0.0384663364384323,,
204,0.0102809624,4.90411365032196,0.0394311604904942,,
205,0.0104345632,5.02873675525188,0.0394311604904942,,
206,0.010588164,4.90411365032196,0.0403959845425561,,
207,0.0107417648,5.15335986018181,0.0384663364384323,,
208,0.0108953656,4.90411365032196,0.0403959845425561,,
209,0.0110489664,5.02873675525188,0.0403959845425561,,
210,0.0112025672,5.02873675525188,0.0394311604904942,,
211,0.011356168,5.02873675525188,0.041360808594618,,
212,0.0115097688,5.02873675525188,0.0403959845425561,,
213,0.0116633696,5.02873675525188,0.0403959845425561,,
214,0.0118169704,5.02873675525188,0.0403959845425561,,
215,0.0119705712,5.02873675525188,0.0403959845425561,,
216,0.012124172,4.77949054539204,0.041360808594618,,
217,0.0122777728,5.02873675525188,0.041360808594618,,
218,0.0124313736,5.02873675525188,0.041360808594618,,
219,0.0125849744,5.02873675525188,0.041360808594618,,
220,0.0127385752,4.90411365032196,0.041360808594618,,
221,0.012892176,4.90411365032196,0.041360808594618,,
222,0.0130457768,4.90411365032196,0.0423256326466799,,
223,0.0131993776,4.77949054539204,0.0423256326466799,,
224,0.0133529784,4.90411365032196,0.0423256326466799,,
225,0.0135065792,4.90411365032196,0.0432904566987418,,
226,0.01366018,4.90411365032196,0.041360808594618,,
227,0.0138137808,5.02873675525188,0.0432904566987418,,
228,0.0139673816,5.02873675525188,0.0423256326466799,,
229,0.0141209824,5.02873675525188,0.0423256326466799,,
230,0.0142745832,5.02873675525188,0.0423256326466799,,
231,0.014428184,5.02873675525188,0.0442552807508036,,
232,0.0145817848,4.90411365032196,0.0432904566987418,,
233,0.0147353856,5.02873675525188,0.0432904566987418,,
234,0.0148889864,5.02873675525188,0.0432904566987418,,
235,0.0150425872,4.90411365032196,0.0442552807508036,,
236,0.015196188,5.02873675525188,0.0432904566987418,,
237,0.0153497888,4.90411365032196,0.0442552807508036,,
238,0.0155033896,5.02873675525188,0.0442552807508036,,
239,0.0156569904,5.02873675525188,0.0452201048028655,,
240,0.0158105912,5.02873675525188,0.0442552807508036,,
241,0.015964192,5.02873675525188,0.0461849288549274,,
242,0.0161177928,5.02873675525188,0.0452201048028655,,
243,0.0162713936,5.02873675525188,0.0442552807508036,,
244,0.0164249944,5.15335986018181,0.0452201048028655,,
245,0.0165785952,4.90411365032196,0.0452201048028655,,
246,0.016732196,5.02873675525188,0.0452201048028655,,
247,0.0168857968,4.90411365032196,0.0461849288549274,,
248,0.0170393976,4.90411365032196,0.0461849288549274,,
249,0.0171929984,4.90411365032196,0.0461849288549274,,
250,0.0173465992,4.90411365032196,0.0452201048028655,,
251,0.0175002,5.02873675525188,0.0461849288549274,,
252,0.0176538008,5.02873675525188,0.0442552807508036,,
253,0.0178074016,4.90411365032196,0.0452201048028655,,
254,0.0179610024,5.02873675525188,0.0461849288549274,,
255,0.0181146032,4.90411365032196,0.0461849288549274,,
256,0.018268204,5.02873675525188,0.0461849288549274,,
257,0.0184218048,4.90411365032196,0.0471497529069893,,
258,0.0185754056,4.90411365032196,0.0471497529069893,,
259,0.0187290064,4.90411365032196,0.0471497529069893,,
260,0.0188826072,5.02873675525188,0.0481145769590512,,
261,0.019036208,5.02873675525188,0.0461849288549274,,
262,0.0191898088,5.02873675525188,0.0471497529069893,,
263,0.0193434096,5.02873675525188,0.0471497529069893,,
264,0.0194970104,4.90411365032196,0.0471497529069893,,
265,0.0196506112,4.90411365032196,0.0481145769590512,,
266,0.019804212,5.02873675525188,0.0481145769590512,,
267,0.0199578128,4.90411365032196,0.0490794010111131,,
268,0.0201114136,5.02873675525188,0.0461849288549274,,
269,0.0202650144,5.02873675525188,0.0490794010111131,,
270,0.0204186152,4.77949054539204,0.0481145769590512,,
271,0.020572216,4.90411365032196,0.0490794010111131,,
272,0.0207258168,4.90411365032196,0.050044225063175,,
273,0.0208794176,4.90411365032196,0.0490794010111131,,
274,0.0210330184,4.90411365032196,0.0490794010111131,,
275,0.0211866192,4.90411365032196,0.0490794010111131,,
276,0.02134022,5.02873675525188,0.0490794010111131,,
277,0.0214938208,5.15335986018181,0.0481145769590512,,
278,0.0216474216,5.02873675525188,0.0490794010111131,,
279,0.0218010224,4.90411365032196,0.0481145769590512,,
280,0.0219546232,5.02873675525188,0.0481145769590512,,
281,0.022108224,4.90411365032196,0.050044225063175,,
282,0.0222618248,4.90411365032196,0.0481145769590512,,
283,0.0224154256,5.02873675525188,0.050044225063175,,
284,0.0225690264,4.90411365032196,0.0510090491152368,,
285,0.0227226272,5.02873675525188,0.0481145769590512,,
286,0.022876228,5.02873675525188,0.0490794010111131,,
287,0.0230298288,4.90411365032196,0.0510090491152368,,
288,0.0231834296,5.02873675525188,0.050044225063175,,
289,0.0233370304,4.90411365032196,0.050044225063175,,
290,0.0234906312,4.77949054539204,0.0510090491152368,,
291,0.023644232,5.02873675525188,0.050044225063175,,
292,0.0237978328,4.90411365032196,0.050044225063175,,
293,0.0239514336,4.90411365032196,0.0510090491152368,,
294,0.0241050344,4.90411365032196,0.0490794010111131,,
295,0.0242586352,5.02873675525188,0.0510090491152368,,
296,0.024412236,5.02873675525188,0.0510090491152368,,
297,0.0245658368,5.02873675525188,0.050044225063175,,
298,0.0247194376,5.02873675525188,0.0519738731672987,,
299,0.0248730384,4.90411365032196,0.0519738731672987,,
300,0.0250266392,5.02873675525188,0.0510090491152368,,
301,0.02518024,4.90411365032196,0.0510090491152368,,
302,0.0253338408,4.90411365032196,0.050044225063175,,
303,0.0254874416,5.02873675525188,0.0510090491152368,,
304,0.0256410424,5.02873675525188,0.0510090491152368,,
305,0.0257946432,4.90411365032196,0.0510090491152368,,
306,0.025948244,4.77949054539204,0.0510090491152368,,
307,0.0261018448,4.90411365032196,0.0510090491152368,,
308,0.0262554456,4.90411365032196,0.0510090491152368,,
309,0.0264090464,5.02873675525188,0.050044225063175,,
310,0.0265626472,4.90411365032196,0.0510090491152368,,
311,0.026716248,4.90411365032196,0.0529386972193606,,
312,0.0268698488,5.02873675525188,0.0519738731672987,,
313,0.0270234496,5.02873675525188,0.0519738731672987,,
314,0.0271770504,4.90411365032196,0.0519738731672987,,
315,0.0273306512,4.90411365032196,0.0510090491152368,,
316,0.027484252,5.02873675525188,0.0510090491152368,,
317,0.0276378528,5.02873675525188,0.0510090491152368,,
318,0.0277914536,4.90411365032196,0.0510090491152368,,
319,0.0279450544,4.77949054539204,0.050044225063175,,
320,0.0280986552,4.90411365032196,0.0510090491152368,,
321,0.028252256,5.15335986018181,0.0519738731672987,,
322,0.0284058568,5.02873675525188,0.0519738731672987,,
323,0.0285594576,5.02873675525188,0.0510090491152368,,
324,0.0287130584,5.02873675525188,0.0519738731672987,,
325,0.0288666592,5.02873675525188,0.0529386972193606,,
326,0.02902026,5.02873675525188,0.0519738731672987,,
327,0.0291738608,4.90411365032196,0.0529386972193606,,
328,0.0293274616,5.02873675525188,0.0519738731672987,,
329,0.0294810624,4.90411365032196,0.0519738731672987,,
330,0.0296346632,5.02873675525188,0.0529386972193606,,
331,0.029788264,4.90411365032196,0.0519738731672987,,
332,0.0299418648,4.77949054539204,0.0519738731672987,,
333,0.0300954656,5.02873675525188,0.0529386972193606,,
334,0.0302490664,4.90411365032196,0.0529386972193606,,
335,0.0304026672,5.02873675525188,0.0519738731672987,,
336,0.030556268,4.77949054539204,0.0529386972193606,,
337,0.0307098688,4.90411365032196,0.0539035212714225,,
338,0.0308634696,5.02873675525188,0.0539035212714225,,
339,0.0310170704,5.02873675525188,0.0539035212714225,,
340,0.0311706712,5.02873675525188,0.0529386972193606,,
341,0.031324272,5.02873675525188,0.0539035212714225,,
342,0.0314778728,4.90411365032196,0.0529386972193606,,
343,0.0316314736,4.90411365032196,0.0539035212714225,,
344,0.0317850744,4.90411365032196,0.0529386972193606,,
345,0.0319386752,4.90411365032196,0.0539035212714225,,
346,0.032092276,5.02873675525188,0.0539035212714225,,
347,0.0322458768,5.02873675525188,0.0529386972193606,,
348,0.0323994776,4.90411365032196,0.0529386972193606,,
349,0.0325530784,4.90411365032196,0.0529386972193606,,
350,0.0327066792,4.90411365032196,0.0529386972193606,,
351,0.03286028,4.90411365032196,0.0529386972193606,,
352,0.0330138808,4.77949054539204,0.0519738731672987,,
353,0.0331674816,5.02873675525188,0.0529386972193606,,
354,0.0333210824,4.90411365032196,0.0529386972193606,,
355,0.0334746832,4.90411365032196,0.0548683453234844,,
356,0.033628284,4.90411365032196,0.0539035212714225,,
357,0.0337818848,5.02873675525188,0.0519738731672987,,
358,0.0339354856,4.90411365032196,0.0529386972193606,,
359,0.0340890864,5.02873675525188,0.0529386972193606,,
360,0.0342426872,5.02873675525188,0.0539035212714225,,
361,0.034396288,4.90411365032196,0.0548683453234844,,
362,0.0345498888,4.90411365032196,0.0519738731672987,,
363,0.0347034896,4.90411365032196,0.0529386972193606,,
364,0.0348570904,4.90411365032196,0.0539035212714225,,
365,0.0350106912,5.02873675525188,0.0539035212714225,,
366,0.035164292,5.02873675525188,0.0539035212714225,,
367,0.0353178928,4.90411365032196,0.0539035212714225,,
368,0.0354714936,4.90411365032196,0.0548683453234844,,
369,0.0356250944,5.02873675525188,0.0529386972193606,,
370,0.0357786952,5.02873675525188,0.0539035212714225,,
371,0.035932296,5.02873675525188,0.0539035212714225,,
372,0.0360858968,5.15335986018181,0.0529386972193606,,
373,0.0362394976,5.02873675525188,0.0539035212714225,,
374,0.0363930984,4.90411365032196,0.0539035212714225,,
375,0.0365466992,5.02873675525188,0.0539035212714225,,
376,0.0367003,5.02873675525188,0.0529386972193606,,
377,0.0368539008,5.02873675525188,0.0548683453234844,,
378,0.0370075016,5.02873675525188,0.0548683453234844,,
379,0.0371611024,5.02873675525188,0.0539035212714225,,
380,0.0373147032,5.02873675525188,0.0539035212714225,,
381,0.037468304,4.90411365032196,0.0548683453234844,,
382,0.0376219048,4.90411365032196,0.0548683453234844,,
383,0.0377755056,4.90411365032196,0.0529386972193606,,
384,0.0379291064,5.02873675525188,0.0539035212714225,,
385,0.0380827072,4.90411365032196,0.0548683453234844,,
386,0.038236308,5.02873675525188,0.0539035212714225,,
387,0.0383899088,4.90411365032196,0.0529386972193606,,
388,0.0385435096,5.02873675525188,0.0539035212714225,,
389,0.0386971104,4.90411365032196,0.0539035212714225,,
390,0.0388507112,5.02873675525188,0.0539035212714225,,
391,0.039004312,4.90411365032196,0.0548683453234844,,
392,0.0391579128,5.15335986018181,0.0548683453234844,,
393,0.0393115136,4.90411365032196,0.0558331693755463,,
394,0.0394651144,5.02873675525188,0.0539035212714225,,
395,0.0396187152,4.90411365032196,0.0548683453234844,,
396,0.039772316,4.90411365032196,0.0539035212714225,,
397,0.0399259168,5.15335986018181,0.0548683453234844,,
398,0.0400795176,5.02873675525188,0.0519738731672987,,
399,0.0402331184,4.90411365032196,0.0539035212714225,,
400,0.0403867192,5.02873675525188,0.0548683453234844,,
401,0.04054032,4.77949054539204,0.0548683453234844,,
402,0.0406939208,4.90411365032196,0.0558331693755463,,
403,0.0408475216,4.90411365032196,0.0558331693755463,,
404,0.0410011224,5.02873675525188,0.0558331693755463,,
405,0.0411547232,4.90411365032196,0.0539035212714225,,
406,0.041308324,4.90411365032196,0.0548683453234844,,
407,0.0414619248,4.90411365032196,0.0539035212714225,,
408,0.0416155256,5.15335986018181,0.0558331693755463,,
409,0.0417691264,4.90411365032196,0.0539035212714225,,
410,0.0419227272,4.90411365032196,0.0548683453234844,,
411,0.042076328,5.02873675525188,0.0539035212714225,,
412,0.0422299288,4.90411365032196,0.0539035212714225,,
413,0.0423835296,4.90411365032196,0.0548683453234844,,
414,0.0425371304,5.02873675525188,0.0548683453234844,,
415,0.0426907312,4.90411365032196,0.0548683453234844,,
416,0.042844332,4.90411365032196,0.0558331693755463,,
417,0.0429979328,5.02873675525188,0.0558331693755463,,
418,0.0431515336,5.02873675525188,0.0548683453234844,,
419,0.0433051344,4.90411365032196,0.0548683453234844,,
420,0.0434587352,4.90411365032196,0.0548683453234844,,
421,0.043612336,4.90411365032196,0.0548683453234844,,
422,0.0437659368,4.90411365032196,0.0548683453234844,,
423,0.0439195376,5.02873675525188,0.0558331693755463,,
424,0.0440731384,4.77949054539204,0.0539035212714225,,
425,0.0442267392,4.90411365032196,0.0548683453234844,,
426,0.04438034,4.90411365032196,0.0558331693755463,,
427,0.0445339408,5.02873675525188,0.0539035212714225,,
428,0.0446875416,5.02873675525188,0.0548683453234844,,
429,0.0448411424,5.02873675525188,0.0567979934276082,,
430,0.0449947432,4.77949054539204,0.0539035212714225,,
431,0.045148344,5.02873675525188,0.0548683453234844,,
432,0.0453019448,5.02873675525188,0.0558331693755463,,
433,0.0454555456,5.02873675525188,0.0558331693755463,,
434,0.0456091464,4.90411365032196,0.0548683453234844,,
435,0.0457627472,4.90411365032196,0.0558331693755463,,
436,0.045916348,4.90411365032196,0.0558331693755463,,
437,0.0460699488,4.90411365032196,0.0558331693755463,,
438,0.0462235496,5.02873675525188,0.0558331693755463,,
439,0.0463771504,4.90411365032196,0.0567979934276082,,
440,0.0465307512,5.02873675525188,0.0548683453234844,,
441,0.046684352,5.15335986018181,0.0548683453234844,,
442,0.0468379528,5.02873675525188,0.0548683453234844,,
443,0.0469915536,5.02873675525188,0.0539035212714225,,
444,0.0471451544,5.02873675525188,0.0548683453234844,,
445,0.0472987552,4.90411365032196,0.0558331693755463,,
446,0.047452356,4.90411365032196,0.0548683453234844,,
447,0.0476059568,5.02873675525188,0.0567979934276082,,
448,0.0477595576,5.02873675525188,0.0558331693755463,,
449,0.0479131584,4.90411365032196,0.0558331693755463,,
450,0.0480667592,5.02873675525188,0.0567979934276082,,
451,0.04822036,5.02873675525188,0.0567979934276082,,
452,0.0483739608,4.90411365032196,0.0558331693755463,,
453,0.0485275616,4.90411365032196,0.0558331693755463,,
454,0.0486811624,5.02873675525188,0.0558331693755463,,
455,0.0488347632,4.90411365032196,0.0567979934276082,,
456,0.048988364,4.90411365032196,0.0567979934276082,,
457,0.0491419648,5.02873675525188,0.0558331693755463,,
458,0.0492955656,4.77949054539204,0.0548683453234844,,
459,0.0494491664,4.90411365032196,0.0558331693755463,,
460,0.0496027672,5.02873675525188,0.0567979934276082,,
461,0.049756368,4.90411365032196,0.0558331693755463,,
462,0.0499099688,4.90411365032196,0.0558331693755463,,
463,0.0500635696,5.02873675525188,0.0558331693755463,,
464,0.0502171704,4.90411365032196,0.0567979934276082,,
465,0.0503707712,5.02873675525188,0.0567979934276082,,
466,0.050524372,4.90411365032196,0.0567979934276082,,
467,0.0506779728,4.77949054539204,0.0558331693755463,,
468,0.0508315736,5.02873675525188,0.0558331693755463,,
469,0.0509851744,5.02873675525188,0.05776281747967,,
470,0.0511387752,4.90411365032196,0.0567979934276082,,
471,0.051292376,5.02873675525188,0.0567979934276082,,
472,0.0514459768,4.90411365032196,0.0558331693755463,,
473,0.0515995776,5.15335986018181,0.05776281747967,,
474,0.0517531784,5.02873675525188,0.0558331693755463,,
475,0.0519067792,4.90411365032196,0.0567979934276082,,
476,0.05206038,5.02873675525188,0.05776281747967,,
477,0.0522139808,5.02873675525188,0.0567979934276082,,
478,0.0523675816,4.90411365032196,0.05776281747967,,
479,0.0525211824,4.90411365032196,0.0567979934276082,,
480,0.0526747832,4.90411365032196,0.0567979934276082,,
481,0.052828384,5.02873675525188,0.0587276415317319,,
482,0.0529819848,5.02873675525188,0.0558331693755463,,
483,0.0531355856,4.90411365032196,0.0567979934276082,,
484,0.0532891864,5.15335986018181,0.0567979934276082,,
485,0.0534427872,4.90411365032196,0.05776281747967,,
486,0.053596388,4.90411365032196,0.0567979934276082,,
487,0.0537499888,4.90411365032196,0.0567979934276082,,
488,0.0539035896,4.90411365032196,0.05776281747967,,
489,0.0540571904,5.02873675525188,0.0558331693755463,,
490,0.0542107912,4.90411365032196,0.0587276415317319,,
491,0.054364392,5.02873675525188,0.05776281747967,,
492,0.0545179928,4.90411365032196,0.05776281747967,,
493,0.0546715936,4.90411365032196,0.05776281747967,,
494,0.0548251944,4.90411365032196,0.0567979934276082,,
495,0.0549787952,5.02873675525188,0.0558331693755463,,
496,0.055132396,5.02873675525188,0.0558331693755463,,
497,0.0552859968,4.77949054539204,0.0548683453234844,,
498,0.0554395976,5.02873675525188,0.0567979934276082,,
499,0.0555931984,5.02873675525188,0.0567979934276082,,
500,0.0557467992,4.90411365032196,0.0567979934276082,,
501,0.0559004,4.90411365032196,0.0567979934276082,,
502,0.0560540008,5.02873675525188,0.05776281747967,,
503,0.0562076016,5.02873675525188,0.0567979934276082,,
504,0.0563612024,5.02873675525188,0.0567979934276082,,
505,0.0565148032,4.77949054539204,0.0567979934276082,,
506,0.056668404,5.02873675525188,0.0567979934276082,,
507,0.0568220048,4.90411365032196,0.0587276415317319,,
508,0.0569756056,4.90411365032196,0.05776281747967,,
509,0.0571292064,5.02873675525188,0.0567979934276082,,
510,0.0572828072,5.02873675525188,0.05776281747967,,
511,0.057436408,4.90411365032196,0.05776281747967,,
512,0.0575900088,5.02873675525188,0.05776281747967,,
513,0.0577436096,4.90411365032196,0.05776281747967,,
514,0.0578972104,5.02873675525188,0.05776281747967,,
515,0.0580508112,4.90411365032196,0.05776281747967,,
516,0.058204412,5.02873675525188,0.0567979934276082,,
517,0.0583580128,5.02873675525188,0.05776281747967,,
518,0.0585116136,4.90411365032196,0.0567979934276082,,
519,0.0586652144,5.02873675525188,0.05776281747967,,
520,0.0588188152,4.90411365032196,0.05776281747967,,
521,0.058972416,5.02873675525188,0.0587276415317319,,
522,0.0591260168,4.90411365032196,0.05776281747967,,
523,0.0592796176,4.90411365032196,0.05776281747967,,
524,0.0594332184,4.90411365032196,0.0567979934276082,,
525,0.0595868192,4.90411365032196,0.05776281747967,,
526,0.05974042,4.90411365032196,0.0567979934276082,,
527,0.0598940208,4.90411365032196,0.05776281747967,,
528,0.0600476216,5.02873675525188,0.0567979934276082,,
529,0.0602012224,4.90411365032196,0.05776281747967,,
530,0.0603548232,4.90411365032196,0.0567979934276082,,
531,0.060508424,5.15335986018181,0.0558331693755463,,
532,0.0606620248,5.02873675525188,0.0567979934276082,,
533,0.0608156256,4.77949054539204,0.0558331693755463,,
534,0.0609692264,5.02873675525188,0.0567979934276082,,
535,0.0611228272,5.02873675525188,0.0567979934276082,,
536,0.061276428,5.02873675525188,0.0567979934276082,,
537,0.0614300288,5.02873675525188,0.0558331693755463,,
538,0.0615836296,5.02873675525188,0.0567979934276082,,
539,0.0617372304,5.02873675525188,0.05776281747967,,
540,0.0618908312,4.90411365032196,0.05776281747967,,
541,0.062044432,5.02873675525188,0.0567979934276082,,
542,0.0621980328,5.02873675525188,0.05776281747967,,
543,0.0623516336,5.02873675525188,0.05776281747967,,
544,0.0625052344,4.90411365032196,0.05776281747967,,
545,0.0626588352,4.77949054539204,0.0567979934276082,,
546,0.062812436,5.02873675525188,0.05776281747967,,
547,0.0629660368,4.90411365032196,0.05776281747967,,
548,0.0631196376,5.02873675525188,0.0558331693755463,,
549,0.0632732384,4.90411365032196,0.05776281747967,,
550,0.0634268392,5.02873675525188,0.0567979934276082,,
551,0.06358044,5.02873675525188,0.0567979934276082,,
552,0.0637340408,5.02873675525188,0.0567979934276082,,
553,0.0638876416,4.90411365032196,0.0567979934276082,,
554,0.0640412424,5.02873675525188,0.05776281747967,,
555,0.0641948432,4.90411365032196,0.0567979934276082,,
556,0.064348444,4.90411365032196,0.05776281747967,,
557,0.0645020448,4.90411365032196,0.05776281747967,,
558,0.0646556456,5.02873675525188,0.05776281747967,,
559,0.0648092464,4.90411365032196,0.0567979934276082,,
560,0.0649628472,4.90411365032196,0.0567979934276082,,
561,0.065116448,5.02873675525188,0.05776281747967,,
562,0.0652700488,4.90411365032196,0.0567979934276082,,
563,0.0654236496,4.90411365032196,0.05776281747967,,
564,0.0655772504,5.02873675525188,0.05776281747967,,
565,0.0657308512,4.90411365032196,0.0567979934276082,,
566,0.065884452,5.02873675525188,0.05776281747967,,
567,0.0660380528,4.90411365032196,0.05776281747967,,
568,0.0661916536,4.90411365032196,0.0567979934276082,,
569,0.0663452544,5.02873675525188,0.0567979934276082,,
570,0.0664988552,4.90411365032196,0.05776281747967,,
571,0.066652456,5.02873675525188,0.05776281747967,,
572,0.0668060568,5.02873675525188,0.05776281747967,,
573,0.0669596576,4.90411365032196,0.05776281747967,,
574,0.0671132584,5.02873675525188,0.05776281747967,,
575,0.0672668592,5.02873675525188,0.0567979934276082,,
576,0.06742046,5.02873675525188,0.0567979934276082,,
577,0.0675740608,5.02873675525188,0.0558331693755463,,
578,0.0677276616,4.90411365032196,0.0567979934276082,,
579,0.0678812624,4.90411365032196,0.05776281747967,,
580,0.0680348632,4.90411365032196,0.0587276415317319,,
581,0.068188464,4.90411365032196,0.05776281747967,,
582,0.0683420648,4.90411365032196,0.05776281747967,,
583,0.0684956656,4.90411365032196,0.05776281747967,,
584,0.0686492664,4.90411365032196,0.0587276415317319,,
585,0.0688028672,4.90411365032196,0.05776281747967,,
586,0.068956468,5.02873675525188,0.0567979934276082,,
587,0.0691100688,4.90411365032196,0.05776281747967,,
588,0.0692636696,5.02873675525188,0.0567979934276082,,
589,0.0694172704,4.90411365032196,0.0587276415317319,,
590,0.0695708712,4.90411365032196,0.0587276415317319,,
591,0.069724472,5.02873675525188,0.0567979934276082,,
592,0.0698780728,4.90411365032196,0.0567979934276082,,
593,0.0700316736,5.02873675525188,0.0567979934276082,,
594,0.0701852744,5.02873675525188,0.0567979934276082,,
595,0.0703388752,5.15335986018181,0.05776281747967,,
596,0.070492476,4.90411365032196,0.0567979934276082,,
597,0.0706460768,5.02873675525188,0.05776281747967,,
598,0.0707996776,5.15335986018181,0.0587276415317319,,
599,0.0709532784,4.90411365032196,0.0567979934276082,,
600,0.0711068792,4.77949054539204,0.05776281747967,,
601,0.07126048,5.02873675525188,0.05776281747967,,
602,0.0714140808,4.90411365032196,0.0587276415317319,,
603,0.0715676816,4.90411365032196,0.0567979934276082,,
604,0.0717212824,4.90411365032196,0.0567979934276082,,
605,0.0718748832,4.90411365032196,0.0587276415317319,,
606,0.072028484,5.02873675525188,0.0587276415317319,,
607,0.0721820848,5.02873675525188,0.05776281747967,,
608,0.0723356856,4.90411365032196,0.0567979934276082,,
609,0.0724892864,5.02873675525188,0.0567979934276082,,
610,0.0726428872,5.02873675525188,0.0567979934276082,,
611,0.072796488,5.02873675525188,0.0567979934276082,,
612,0.0729500888,4.90411365032196,0.0587276415317319,,
613,0.0731036896,5.02873675525188,0.05776281747967,,
614,0.0732572904,5.02873675525188,0.0567979934276082,,
615,0.0734108912,4.90411365032196,0.05776281747967,,
616,0.073564492,5.02873675525188,0.05776281747967,,
617,0.0737180928,5.02873675525188,0.0587276415317319,,
618,0.0738716936,5.02873675525188,0.05776281747967,,
619,0.0740252944,4.90411365032196,0.0587276415317319,,
620,0.0741788952,4.90411365032196,0.0587276415317319,,
621,0.074332496,4.90411365032196,0.0587276415317319,,
622,0.0744860968,5.02873675525188,0.0567979934276082,,
623,0.0746396976,4.90411365032196,0.05776281747967,,
624,0.0747932984,5.02873675525188,0.0587276415317319,,
625,0.0749468992,4.90411365032196,0.05776281747967,,
626,0.0751005,4.90411365032196,0.05776281747967,,
627,0.0752541008,5.02873675525188,0.0587276415317319,,
628,0.0754077016,5.02873675525188,0.05776281747967,,
629,0.0755613024,5.02873675525188,0.05776281747967,,
630,0.0757149032,4.90411365032196,0.05776281747967,,
631,0.075868504,5.02873675525188,0.05776281747967,,
632,0.0760221048,4.90411365032196,0.05776281747967,,
633,0.0761757056,5.02873675525188,0.0587276415317319,,
634,0.0763293064,5.02873675525188,0.05776281747967,,
635,0.0764829072,4.90411365032196,0.05776281747967,,
636,0.076636508,4.77949054539204,0.05776281747967,,
637,0.0767901088,4.77949054539204,0.0567979934276082,,
638,0.0769437096,5.02873675525188,0.05776281747967,,
639,0.0770973104,4.90411365032196,0.0596924655837938,,
640,0.0772509112,5.02873675525188,0.05776281747967,,
641,0.077404512,4.90411365032196,0.0567979934276082,,
642,0.0775581128,4.90411365032196,0.05776281747967,,
643,0.0777117136,4.90411365032196,0.0567979934276082,,
644,0.0778653144,5.02873675525188,0.0587276415317319,,
645,0.0780189152,4.90411365032196,0.0587276415317319,,
646,0.078172516,4.90411365032196,0.0587276415317319,,
647,0.0783261168,4.90411365032196,0.0587276415317319,,
648,0.0784797176,4.90411365032196,0.05776281747967,,
649,0.0786333184,4.90411365032196,0.0587276415317319,,
650,0.0787869192,4.90411365032196,0.0587276415317319,,
651,0.07894052,5.02873675525188,0.0587276415317319,,
652,0.0790941208,4.90411365032196,0.05776281747967,,
653,0.0792477216,5.02873675525188,0.0596924655837938,,
654,0.0794013224,4.90411365032196,0.05776281747967,,
655,0.0795549232,4.90411365032196,0.0587276415317319,,
656,0.079708524,5.02873675525188,0.05776281747967,,
657,0.0798621248,4.90411365032196,0.0587276415317319,,
658,0.0800157256,4.90411365032196,0.0596924655837938,,
659,0.0801693264,5.02873675525188,0.0587276415317319,,
660,0.0803229272,5.02873675525188,0.05776281747967,,
661,0.080476528,4.90411365032196,0.0567979934276082,,
662,0.0806301288,4.90411365032196,0.05776281747967,,
663,0.0807837296,5.02873675525188,0.0587276415317319,,
664,0.0809373304,5.02873675525188,0.0596924655837938,,
665,0.0810909312,5.02873675525188,0.05776281747967,,
666,0.081244532,4.77949054539204,0.05776281747967,,
667,0.0813981328,4.90411365032196,0.0587276415317319,,
668,0.0815517336,4.90411365032196,0.05776281747967,,
669,0.0817053344,5.02873675525188,0.0587276415317319,,
670,0.0818589352,4.90411365032196,0.0587276415317319,,
671,0.082012536,5.02873675525188,0.0606572896358557,,
672,0.0821661368,4.90411365032196,0.05776281747967,,
673,0.0823197376,5.02873675525188,0.0596924655837938,,
674,0.0824733384,4.77949054539204,0.0567979934276082,,
675,0.0826269392,5.02873675525188,0.0596924655837938,,
676,0.08278054,5.15335986018181,0.0596924655837938,,
677,0.0829341408,5.02873675525188,0.05776281747967,,
678,0.0830877416,4.90411365032196,0.05776281747967,,
679,0.0832413424,5.02873675525188,0.05776281747967,,
680,0.0833949432,5.02873675525188,0.0596924655837938,,
681,0.083548544,4.90411365032196,0.0587276415317319,,
682,0.0837021448,5.15335986018181,0.0587276415317319,,
683,0.0838557456,5.02873675525188,0.0587276415317319,,
684,0.0840093464,5.02873675525188,0.0596924655837938,,
685,0.0841629472,5.02873675525188,0.0596924655837938,,
686,0.084316548,4.90411365032196,0.05776281747967,,
687,0.0844701488,4.90411365032196,0.0596924655837938,,
688,0.0846237496,4.90411365032196,0.0596924655837938,,
689,0.0847773504,4.90411365032196,0.0587276415317319,,
690,0.0849309512,4.90411365032196,0.0567979934276082,,
691,0.085084552,4.90411365032196,0.05776281747967,,
692,0.0852381528,5.02873675525188,0.0587276415317319,,
693,0.0853917536,5.02873675525188,0.0596924655837938,,
694,0.0855453544,4.90411365032196,0.0587276415317319,,
695,0.0856989552,5.02873675525188,0.0587276415317319,,
696,0.085852556,5.02873675525188,0.05776281747967,,
697,0.0860061568,5.02873675525188,0.05776281747967,,
698,0.0861597576,5.02873675525188,0.05776281747967,,
699,0.0863133584,5.02873675525188,0.0596924655837938,,
700,0.0864669592,5.02873675525188,0.0587276415317319,,
701,0.08662056,4.77949054539204,0.0587276415317319,,
702,0.0867741608,4.90411365032196,0.05776281747967,,
703,0.0869277616,4.90411365032196,0.0587276415317319,,
704,0.0870813624,4.90411365032196,0.0596924655837938,,
705,0.0872349632,4.90411365032196,0.05776281747967,,
706,0.087388564,4.90411365032196,0.0587276415317319,,
707,0.0875421648,5.02873675525188,0.0587276415317319,,
708,0.0876957656,4.77949054539204,0.05776281747967,,
709,0.0878493664,4.90411365032196,0.0596924655837938,,
710,0.0880029672,5.02873675525188,0.05776281747967,,
711,0.088156568,5.02873675525188,0.0587276415317319,,
712,0.0883101688,4.90411365032196,0.0596924655837938,,
713,0.0884637696,4.90411365032196,0.05776281747967,,
714,0.0886173704,5.02873675525188,0.0596924655837938,,
715,0.0887709712,4.90411365032196,0.0587276415317319,,
716,0.088924572,4.90411365032196,0.0587276415317319,,
717,0.0890781728,4.90411365032196,0.0587276415317319,,
718,0.0892317736,5.02873675525188,0.0587276415317319,,
719,0.0893853744,4.90411365032196,0.05776281747967,,
720,0.0895389752,4.90411365032196,0.05776281747967,,
721,0.089692576,4.77949054539204,0.0567979934276082,,
722,0.0898461768,5.02873675525188,0.0587276415317319,,
723,0.0899997776,5.02873675525188,0.05776281747967,,
724,0.0901533784,5.02873675525188,0.0587276415317319,,
725,0.0903069792,5.02873675525188,0.0587276415317319,,
726,0.09046058,4.90411365032196,0.05776281747967,,
727,0.0906141808,5.02873675525188,0.05776281747967,,
728,0.0907677816,5.02873675525188,0.0587276415317319,,
729,0.0909213824,4.90411365032196,0.0596924655837938,,
730,0.0910749832,5.02873675525188,0.0587276415317319,,
731,0.091228584,5.02873675525188,0.05776281747967,,
732,0.0913821848,4.90411365032196,0.05776281747967,,
733,0.0915357856,5.02873675525188,0.0587276415317319,,
734,0.0916893864,5.02873675525188,0.0587276415317319,,
735,0.0918429872,5.02873675525188,0.05776281747967,,
736,0.091996588,4.90411365032196,0.0587276415317319,,
737,0.0921501888,5.02873675525188,0.05776281747967,,
738,0.0923037896,5.02873675525188,0.0587276415317319,,
739,0.0924573904,5.02873675525188,0.05776281747967,,
740,0.0926109912,5.02873675525188,0.05776281747967,,
741,0.092764592,4.90411365032196,0.0587276415317319,,
742,0.0929181928,4.90411365032196,0.05776281747967,,
743,0.0930717936,5.15335986018181,0.05776281747967,,
744,0.0932253944,4.90411365032196,0.0587276415317319,,
745,0.0933789952,4.90411365032196,0.05776281747967,,
746,0.093532596,5.02873675525188,0.0587276415317319,,
747,0.0936861968,4.90411365032196,0.0567979934276082,,
748,0.0938397976,5.02873675525188,0.0587276415317319,,
749,0.0939933984,4.90411365032196,0.0587276415317319,,
750,0.0941469992,5.02873675525188,0.0596924655837938,,
751,0.0943006,4.90411365032196,0.0587276415317319,,
752,0.0944542008,5.02873675525188,0.0587276415317319,,
753,0.0946078016,5.02873675525188,0.0596924655837938,,
754,0.0947614024,4.90411365032196,0.0596924655837938,,
755,0.0949150032,4.90411365032196,0.05776281747967,,
756,0.095068604,4.90411365032196,0.05776281747967,,
757,0.0952222048,5.02873675525188,0.0587276415317319,,
758,0.0953758056,5.02873675525188,0.0587276415317319,,
759,0.0955294064,4.90411365032196,0.05776281747967,,
760,0.0956830072,4.90411365032196,0.0587276415317319,,
761,0.095836608,5.02873675525188,0.05776281747967,,
762,0.0959902088,5.02873675525188,0.0587276415317319,,
763,0.0961438096,4.90411365032196,0.0587276415317319,,
764,0.0962974104,4.90411365032196,0.0596924655837938,,
765,0.0964510112,5.15335986018181,0.0587276415317319,,
766,0.096604612,5.15335986018181,0.05776281747967,,
767,0.0967582128,5.02873675525188,0.0606572896358557,,
768,0.0969118136,4.77949054539204,0.05776281747967,,
769,0.0970654144,4.90411365032196,0.05776281747967,,
770,0.0972190152,4.90411365032196,0.0596924655837938,,
771,0.097372616,4.90411365032196,0.0587276415317319,,
772,0.0975262168,4.90411365032196,0.0587276415317319,,
773,0.0976798176,4.90411365032196,0.0567979934276082,,
774,0.0978334184,4.90411365032196,0.0587276415317319,,
775,0.0979870192,5.02873675525188,0.0596924655837938,,
776,0.09814062,4.77949054539204,0.0567979934276082,,
777,0.0982942208,5.02873675525188,0.0587276415317319,,
778,0.0984478216,5.15335986018181,0.0596924655837938,,
779,0.0986014224,5.02873675525188,0.0587276415317319,,
780,0.0987550232,4.90411365032196,0.0587276415317319,,
781,0.098908624,5.02873675525188,0.05776281747967,,
782,0.0990622248,4.90411365032196,0.0567979934276082,,
783,0.0992158256,4.90411365032196,0.0587276415317319,,
784,0.0993694264,4.90411365032196,0.05776281747967,,
785,0.0995230272,4.77949054539204,0.0587276415317319,,
786,0.099676628,4.90411365032196,0.0587276415317319,,
787,0.0998302288,4.90411365032196,0.0567979934276082,,
788,0.0999838296,5.02873675525188,0.0587276415317319,,
789,0.1001374304,-0.080810546875,0.0423256326466799,,
790,0.1002910312,0.043812558054924,-0.00205627374816686,,
791,0.100444632,-0.080810546875,0.00952161487657577,,
792,0.1005982328,0.043812558054924,0.0539035212714225,,
793,0.1007518336,-0.080810546875,0.0297829199698754,,
794,0.1009054344,0.043812558054924,-0.0059155699564144,,
795,0.1010590352,-0.205433651804924,0.0210995035013184,,
796,0.101212636,0.043812558054924,0.050044225063175,,
797,0.1013662368,-0.080810546875,0.0172402072930709,,
798,0.1015198376,-0.080810546875,-0.00109144969610497,,
799,0.1016734384,0.043812558054924,0.0288180959178135,,
800,0.1018270392,-0.080810546875,0.0442552807508036,,
801,0.10198064,0.043812558054924,0.00855679082451388,,
802,0.1021342408,0.043812558054924,0.00469749461626634,,
803,0.1022878416,-0.080810546875,0.0346070402301848,,
804,0.1024414424,-0.205433651804924,0.0355718642822467,,
805,0.1025950432,-0.080810546875,0.00566231866832823,,
806,0.102748644,-0.080810546875,0.0124160870327614,,
807,0.1029022448,0.043812558054924,0.0365366883343086,,
808,0.1030558456,-0.080810546875,0.0268884478136897,,
809,0.1032094464,0.043812558054924,0.00469749461626634,,
810,0.1033630472,-0.080810546875,0.0191698553971946,,
811,0.103516648,-0.080810546875,0.0365366883343086,,
812,0.1036702488,-0.080810546875,0.0210995035013184,,
813,0.1038238496,0.043812558054924,0.007591966772452,,
814,0.1039774504,0.043812558054924,0.0249587997095659,,
815,0.1041310512,-0.080810546875,0.0317125680739991,,
816,0.104284652,0.043812558054924,0.0143457351368852,,
817,0.1044382528,-0.080810546875,0.0114512629806995,,
818,0.1045918536,0.043812558054924,0.0278532718657516,,
819,0.1047454544,0.043812558054924,0.0259236237616278,,
820,0.1048990552,-0.080810546875,0.0114512629806995,,
821,0.105052656,-0.080810546875,0.016275383241009,,
822,0.1052062568,-0.080810546875,0.0278532718657516,,
823,0.1053598576,-0.080810546875,0.0220643275533803,,
824,0.1055134584,0.043812558054924,0.0124160870327614,,
825,0.1056670592,0.043812558054924,0.0201346794492565,,
826,0.10582066,0.043812558054924,0.0249587997095659,,
827,0.1059742608,0.043812558054924,0.0182050313451327,,
828,0.1061278616,0.043812558054924,0.0143457351368852,,
829,0.1062814624,0.043812558054924,0.0210995035013184,,
830,0.1064350632,-0.080810546875,0.0230291516054422,,
831,0.106588664,-0.080810546875,0.0172402072930709,,
832,0.1067422648,0.043812558054924,0.0182050313451327,,
833,0.1068958656,0.043812558054924,0.0220643275533803,,
834,0.1070494664,-0.080810546875,0.0210995035013184,,
835,0.1072030672,0.043812558054924,0.016275383241009,,
836,0.107356668,-0.080810546875,0.0182050313451327,,
837,0.1075102688,-0.080810546875,0.0220643275533803,,
838,0.1076638696,0.043812558054924,0.0191698553971946,,
839,0.1078174704,-0.080810546875,0.0153105591889471,,
840,0.1079710712,-0.080810546875,0.0201346794492565,,
841,0.108124672,-0.080810546875,0.0201346794492565,,
842,0.1082782728,-0.080810546875,0.0191698553971946,,
843,0.1084318736,-0.080810546875,0.0182050313451327,,
844,0.1085854744,-0.080810546875,0.0210995035013184,,
845,0.1087390752,-0.080810546875,0.0191698553971946,,
846,0.108892676,-0.080810546875,0.0191698553971946,,
847,0.1090462768,0.168435662984848,0.0182050313451327,,
848,0.1091998776,-0.205433651804924,0.0201346794492565,,
849,0.1093534784,-0.080810546875,0.0182050313451327,,
850,0.1095070792,-0.205433651804924,0.0201346794492565,,
851,0.10966068,-0.080810546875,0.0191698553971946,,
852,0.1098142808,0.043812558054924,0.0210995035013184,,
853,0.1099678816,0.043812558054924,0.0182050313451327,,
854,0.1101214824,-0.080810546875,0.0182050313451327,,
855,0.1102750832,0.043812558054924,0.0201346794492565,,
856,0.110428684,-0.080810546875,0.0182050313451327,,
857,0.1105822848,-0.080810546875,0.016275383241009,,
858,0.1107358856,-0.080810546875,0.0201346794492565,,
859,0.1108894864,-0.080810546875,0.0191698553971946,,
860,0.1110430872,-0.080810546875,0.0191698553971946,,
861,0.111196688,-0.080810546875,0.016275383241009,,
862,0.1113502888,-0.205433651804924,0.0182050313451327,,
863,0.1115038896,-0.080810546875,0.0191698553971946,,
864,0.1116574904,0.043812558054924,0.0191698553971946,,
865,0.1118110912,-0.080810546875,0.0191698553971946,,
866,0.111964692,0.043812558054924,0.0201346794492565,,
867,0.1121182928,0.043812558054924,0.0201346794492565,,
868,0.1122718936,0.043812558054924,0.0172402072930709,,
869,0.1124254944,0.043812558054924,0.0182050313451327,,
870,0.1125790952,-0.205433651804924,0.0191698553971946,,
871,0.112732696,0.043812558054924,0.0172402072930709,,
872,0.1128862968,-0.080810546875,0.0182050313451327,,
873,0.1130398976,0.043812558054924,0.0191698553971946,,
874,0.1131934984,-0.205433651804924,0.0191698553971946,,
875,0.1133470992,-0.080810546875,0.0191698553971946,,
876,0.1135007,0.043812558054924,0.0182050313451327,,
877,0.1136543008,0.043812558054924,0.0201346794492565,,
878,0.1138079016,-0.080810546875,0.0210995035013184,,
879,0.1139615024,0.043812558054924,0.0172402072930709,,
880,0.1141151032,-0.080810546875,0.0182050313451327,,
881,0.114268704,-0.080810546875,0.0210995035013184,,
882,0.1144223048,0.043812558054924,0.0191698553971946,,
883,0.1145759056,0.168435662984848,0.0172402072930709,,
884,0.1147295064,0.043812558054924,0.0172402072930709,,
885,0.1148831072,-0.080810546875,0.0191698553971946,,
886,0.115036708,-0.080810546875,0.0182050313451327,,
887,0.1151903088,0.043812558054924,0.0172402072930709,,
888,0.1153439096,0.043812558054924,0.0191698553971946,,
889,0.1154975104,0.043812558054924,0.0182050313451327,,
890,0.1156511112,-0.080810546875,0.0191698553971946,,
891,0.115804712,0.043812558054924,0.0182050313451327,,
892,0.1159583128,-0.080810546875,0.0191698553971946,,
893,0.1161119136,0.043812558054924,0.0191698553971946,,
894,0.1162655144,0.043812558054924,0.0182050313451327,,
895,0.1164191152,0.043812558054924,0.0191698553971946,,
896,0.116572716,-0.080810546875,0.0191698553971946,,
897,0.1167263168,0.043812558054924,0.0182050313451327,,
898,0.1168799176,0.043812558054924,0.0182050313451327,,
899,0.1170335184,0.043812558054924,0.0182050313451327,,
900,0.1171871192,0.043812558054924,0.0172402072930709,,
901,0.11734072,-0.080810546875,0.016275383241009,,
902,0.1174943208,0.043812558054924,0.0182050313451327,,
903,0.1176479216,-0.080810546875,0.0191698553971946,,
904,0.1178015224,-0.080810546875,0.0172402072930709,,
905,0.1179551232,0.043812558054924,0.0172402072930709,,
906,0.118108724,0.043812558054924,0.0182050313451327,,
907,0.1182623248,-0.080810546875,0.0182050313451327,,
908,0.1184159256,-0.080810546875,0.0182050313451327,,
909,0.1185695264,0.043812558054924,0.016275383241009,,
910,0.1187231272,-0.080810546875,0.0172402072930709,,
911,0.118876728,-0.080810546875,0.0182050313451327,,
912,0.1190303288,0.043812558054924,0.016275383241009,,
913,0.1191839296,0.043812558054924,0.0172402072930709,,
914,0.1193375304,0.043812558054924,0.0201346794492565,,
915,0.1194911312,0.043812558054924,0.0182050313451327,,
916,0.119644732,0.043812558054924,0.0172402072930709,,
917,0.1197983328,0.043812558054924,0.0172402072930709,,
918,0.1199519336,0.043812558054924,0.0191698553971946,,
919,0.1201055344,0.043812558054924,0.0182050313451327,,
920,0.1202591352,-0.080810546875,0.0182050313451327,,
921,0.120412736,-0.080810546875,0.0182050313451327,,
922,0.1205663368,0.043812558054924,0.0182050313451327,,
923,0.1207199376,0.168435662984848,0.0182050313451327,,
924,0.1208735384,-0.080810546875,0.0182050313451327,,
925,0.1210271392,-0.080810546875,0.0172402072930709,,
926,0.12118074,-0.080810546875,0.0182050313451327,,
927,0.1213343408,-0.080810546875,0.0182050313451327,,
928,0.1214879416,-0.080810546875,0.0172402072930709,,
929,0.1216415424,-0.080810546875,0.0182050313451327,,
930,0.1217951432,0.043812558054924,0.0172402072930709,,
931,0.121948744,0.043812558054924,0.0182050313451327,,
932,0.1221023448,0.043812558054924,0.0182050313451327,,
933,0.1222559456,0.043812558054924,0.0182050313451327,,
934,0.1224095464,-0.080810546875,0.0182050313451327,,
935,0.1225631472,0.168435662984848,0.016275383241009,,
936,0.122716748,0.043812558054924,0.0172402072930709,,
937,0.1228703488,-0.205433651804924,0.0191698553971946,,
938,0.1230239496,-0.080810546875,0.0182050313451327,,
939,0.1231775504,0.043812558054924,0.0172402072930709,,
940,0.1233311512,-0.080810546875,0.0182050313451327,,
941,0.123484752,0.043812558054924,0.0182050313451327,,
942,0.1236383528,-0.080810546875,0.0172402072930709,,
943,0.1237919536,-0.205433651804924,0.0172402072930709,,
944,0.1239455544,0.043812558054924,0.0172402072930709,,
945,0.1240991552,-0.205433651804924,0.0172402072930709,,
946,0.124252756,0.043812558054924,0.0172402072930709,,
947,0.1244063568,-0.205433651804924,0.0172402072930709,,
948,0.1245599576,0.043812558054924,0.0172402072930709,,
949,0.1247135584,-0.080810546875,0.0172402072930709,,
950,0.1248671592,-0.080810546875,0.0172402072930709,,
951,0.12502076,0.043812558054924,0.0172402072930709,,
952,0.1251743608,0.043812558054924,0.0172402072930709,,
953,0.1253279616,-0.080810546875,0.0172402072930709,,
954,0.1254815624,-0.080810546875,0.0182050313451327,,
955,0.1256351632,-0.080810546875,0.0172402072930709,,
956,0.125788764,-0.080810546875,0.0172402072930709,,
957,0.1259423648,0.043812558054924,0.0191698553971946,,
958,0.1260959656,-0.080810546875,0.0172402072930709,,
959,0.1262495664,-0.080810546875,0.0172402072930709,,
960,0.1264031672,0.043812558054924,0.0172402072930709,,
961,0.126556768,-0.205433651804924,0.0153105591889471,,
962,0.1267103688,-0.080810546875,0.0172402072930709,,
963,0.1268639696,-0.080810546875,0.0172402072930709,,
964,0.1270175704,0.043812558054924,0.016275383241009,,
965,0.1271711712,0.043812558054924,0.0172402072930709,,
966,0.127324772,0.043812558054924,0.0182050313451327,,
967,0.1274783728,-0.080810546875,0.0191698553971946,,
968,0.1276319736,0.043812558054924,0.0172402072930709,,
969,0.1277855744,0.043812558054924,0.016275383241009,,
970,0.1279391752,0.043812558054924,0.0182050313451327,,
971,0.128092776,-0.080810546875,0.016275383241009,,
972,0.1282463768,-0.080810546875,0.016275383241009,,
973,0.1283999776,-0.080810546875,0.0182050313451327,,
974,0.1285535784,-0.080810546875,0.0172402072930709,,
975,0.1287071792,0.043812558054924,0.016275383241009,,
976,0.12886078,0.043812558054924,0.0182050313451327,,
977,0.1290143808,-0.080810546875,0.016275383241009,,
978,0.1291679816,0.043812558054924,0.016275383241009,,
979,0.1293215824,-0.080810546875,0.0182050313451327,,
980,0.1294751832,-0.080810546875,0.0172402072930709,,
981,0.129628784,-0.080810546875,0.0172402072930709,,
982,0.1297823848,-0.080810546875,0.0172402072930709,,
983,0.1299359856,-0.080810546875,0.0172402072930709,,
984,0.1300895864,-0.080810546875,0.0172402072930709,,
985,0.1302431872,-0.080810546875,0.0182050313451327,,
986,0.130396788,0.043812558054924,0.0172402072930709,,
987,0.1305503888,-0.080810546875,0.0172402072930709,,
988,0.1307039896,-0.080810546875,0.0182050313451327,,
989,0.1308575904,0.043812558054924,0.0182050313451327,,
