Address,USB0::0x0957::0x0E0B::MY51260980::0::INSTR
Model,N9000A
Serial Number:,MY51260980
Firmware Version,A.10.52
Start Time,2026-02-23 14:42:32.244
Stop Time,2026-02-23 14:42:32.302
Time of Capture,2026-02-23 14:42:32.302
Start Frequency: ,10 MHz
Stop Frequency: ,20 MHz
Center Frequency: ,15 MHz
SpanX: ,10 MHz
Resolution Bandwidth: ,91 kHz
Video Bandwidth: ,91 kHz
Sweep Points: ,1001
Sweep Time: ,1.466666667 ms
Attenuation: ,10 dB
Reference Level: ,0 dBm
Scale Type: ,LOG
,
Frequency (Hz) ,Trace1 - [Clear Write] (V)
10000000,6.01138299316517E-06
10010000,9.07358116819523E-06
10020000,1.22087913041469E-05
10030000,1.42441313073505E-05
10040000,1.45123922266066E-05
10050000,1.41716254802304E-05
10060000,1.18169728011708E-05
10070000,8.01851365395123E-06
10080000,4.20192736783065E-06
10090000,3.02580269817554E-06
10100000,5.90950685364078E-06
10110000,9.03594809642527E-06
10120000,1.18298175948439E-05
10130000,1.34130968945101E-05
10140000,1.36554335767869E-05
10150000,1.35960699481075E-05
10160000,1.3217039850133E-05
10170000,1.29923964777845E-05
10180000,1.27965704450617E-05
10190000,1.21879265861935E-05
10200000,1.09963393697399E-05
10210000,9.4692331913393E-06
10220000,9.15553755476139E-06
10230000,9.22609615372494E-06
10240000,1.11330627987627E-05
10250000,1.15025250124745E-05
10260000,1.15077809823561E-05
10270000,1.12595616883482E-05
10280000,1.04737282526912E-05
10290000,9.19730518944561E-06
10300000,7.57513362259488E-06
10310000,5.83950168220326E-06
10320000,5.13093391418806E-06
10330000,5.22599293617532E-06
10340000,8.95590892469045E-06
10350000,1.0813535482157E-05
10360000,1.17498138934025E-05
10370000,1.18510570246144E-05
10380000,1.17128865895211E-05
10390000,1.09892343971296E-05
10400000,9.76387673290446E-06
10410000,8.14280792837963E-06
10420000,6.19829370407388E-06
10430000,4.85127384308726E-06
10440000,5.44785871170461E-06
10450000,5.5387822612829E-06
10460000,7.724248462182E-06
10470000,8.04688534117304E-06
10480000,8.0227573562297E-06
10490000,7.25037625670666E-06
10500000,5.52977917323005E-06
10510000,3.94739754483453E-06
10520000,6.2821818573866E-06
10530000,8.53978144732537E-06
10540000,1.01068580988795E-05
10550000,1.04422651929781E-05
10560000,1.02910653367871E-05
10570000,8.74142460816074E-06
10580000,6.27766848992906E-06
10590000,5.10629479322233E-06
10600000,6.18122385276365E-06
10610000,6.31851071375422E-06
10620000,1.12821035145316E-05
10630000,1.28171177493641E-05
10640000,1.28984211187344E-05
10650000,1.2251714906597E-05
10660000,1.00317984106368E-05
10670000,7.37429945729673E-06
10680000,5.65568416277529E-06
10690000,5.52122082808637E-06
10700000,7.1215085881704E-06
10710000,7.22078766557388E-06
10720000,7.03111163602443E-06
10730000,6.07291531196097E-06
10740000,5.19270361110102E-06
10750000,5.21308083989425E-06
10760000,7.70117367210332E-06
10770000,9.2692171165254E-06
10780000,9.90054286376107E-06
10790000,9.90059743344318E-06
10800000,9.18194473342737E-06
10810000,7.18111095920904E-06
10820000,4.29570718551986E-06
10830000,3.18972752211266E-06
10840000,7.43738428354845E-06
10850000,9.02065494301496E-06
10860000,9.17810848477529E-06
10870000,8.93836204340914E-06
10880000,7.34968989490881E-06
10890000,4.99846419188543E-06
10900000,2.99636144518445E-06
10910000,2.44349939748645E-06
10920000,3.91694629797712E-06
10930000,4.28564317189739E-06
10940000,4.25675534643233E-06
10950000,3.69494296137418E-06
10960000,3.36442622028699E-06
10970000,3.34526839651517E-06
10980000,3.6739440929523E-06
10990000,3.7223608160275E-06
11000000,4.35272977483692E-06
11010000,5.12981796418899E-06
11020000,7.33590377421933E-06
11030000,9.91533488559071E-06
11040000,1.1286439075775E-05
11050000,1.13785536086652E-05
11060000,1.10131959445425E-05
11070000,9.47804528550478E-06
11080000,7.37820255380939E-06
11090000,5.4975857892714E-06
11100000,4.22078937845072E-06
11110000,4.02185060011107E-06
11120000,7.01577209838433E-06
11130000,8.63565765030216E-06
11140000,8.95720404514577E-06
11150000,8.87410533323418E-06
11160000,8.11929476185469E-06
11170000,7.34645527700195E-06
11180000,6.87290093992488E-06
11190000,6.26376322543365E-06
11200000,5.47728632227518E-06
11210000,4.64132608612999E-06
11220000,3.89351407648064E-06
11230000,3.47815080203873E-06
11240000,5.71561349715921E-06
11250000,7.93496383266756E-06
11260000,9.55923314904794E-06
11270000,9.93158846540609E-06
11280000,9.85574388323585E-06
11290000,8.74624493008014E-06
11300000,6.63862920191605E-06
11310000,4.45952991867671E-06
11320000,3.3524697755638E-06
11330000,3.39511757374567E-06
11340000,5.3329922593548E-06
11350000,6.72120859235292E-06
11360000,7.46869091017288E-06
11370000,7.47772583054029E-06
11380000,6.98309349900228E-06
11390000,6.34125490250881E-06
11400000,7.98351811681641E-06
11410000,8.49654588819249E-06
11420000,8.51706772664329E-06
11430000,8.47621595312376E-06
11440000,8.34971524454886E-06
11450000,7.90962894825498E-06
11460000,6.89675835019443E-06
11470000,5.55695487491903E-06
11480000,4.53027178082266E-06
11490000,4.20080186813721E-06
11500000,5.76653246753267E-06
11510000,7.38441121939104E-06
11520000,8.78824994288152E-06
11530000,9.04853823158192E-06
11540000,8.95381072041346E-06
11550000,7.79900983616244E-06
11560000,5.94463836023351E-06
11570000,4.2800829760381E-06
11580000,3.34288324665977E-06
11590000,2.71462658929522E-06
11600000,4.02113300879137E-06
11610000,4.19603020418435E-06
11620000,6.95467315381393E-06
11630000,5.64847141504288E-06
11640000,6.93281617714092E-06
11650000,3.11435974253982E-06
11660000,3.19072182719538E-06
11670000,3.24348638969241E-06
11680000,6.78237029205775E-06
11690000,9.88769625109853E-06
11700000,1.17851450340822E-05
11710000,1.20034846986528E-05
11720000,1.15971088234801E-05
11730000,9.29791895032395E-06
11740000,6.34153684586636E-06
11750000,5.57456678507151E-06
11760000,6.31210514256964E-06
11770000,6.36840923107229E-06
11780000,7.39663937565638E-06
11790000,8.39037693367573E-06
11800000,9.80830645858077E-06
11810000,1.1099305083917E-05
11820000,1.13902842713287E-05
11830000,1.12965017251554E-05
11840000,1.00989736893098E-05
11850000,7.68616882851347E-06
11860000,4.99740417581052E-06
11870000,4.75398837807006E-06
11880000,8.91250147105893E-06
11890000,9.59428507485427E-06
11900000,9.55401355895447E-06
11910000,8.22473430162063E-06
11920000,5.61887372896308E-06
11930000,3.64999164048641E-06
11940000,5.62654850000399E-06
11950000,7.47114518162562E-06
11960000,9.23220977711026E-06
11970000,1.0766460945888E-05
11980000,1.17498075269395E-05
11990000,1.1944112884521E-05
12000000,1.18279649541364E-05
12010000,1.0629914868332E-05
12020000,8.10365690995241E-06
12030000,5.1979982345074E-06
12040000,6.83494363329373E-06
12050000,7.00042573953397E-06
12060000,8.95101584319491E-06
12070000,8.86930865817703E-06
12080000,7.73354531702353E-06
12090000,6.15294402450672E-06
12100000,5.02294415127835E-06
12110000,4.86312364955666E-06
12120000,6.95451672072522E-06
12130000,7.21455171515117E-06
12140000,7.07062554283766E-06
12150000,5.5774862630642E-06
12160000,3.59595901500143E-06
12170000,3.20944104714727E-06
12180000,3.62641844731115E-06
12190000,3.51156086253468E-06
12200000,2.89787180918211E-06
12210000,2.29211127589224E-06
12220000,2.29626516556891E-06
12230000,2.32827687796089E-06
12240000,3.75363856619515E-06
12250000,4.96028997076792E-06
12260000,6.37493985777837E-06
12270000,7.86458804213908E-06
12280000,9.07003686734242E-06
12290000,9.57335305429297E-06
12300000,9.58205055212602E-06
12310000,9.2159689302207E-06
12320000,7.82939514465397E-06
12330000,6.06189269092283E-06
12340000,6.42431996311643E-06
12350000,6.48552622806164E-06
12360000,6.75845467412728E-06
12370000,6.43893918095273E-06
12380000,7.32050875740242E-06
12390000,7.25477593732649E-06
12400000,7.47976491766167E-06
12410000,5.57661587663461E-06
12420000,4.83114990856848E-06
12430000,4.96452003062586E-06
12440000,8.73343560670037E-06
12450000,9.77649870037567E-06
12460000,9.94714446278522E-06
12470000,9.86079339782009E-06
12480000,9.20437196327839E-06
12490000,8.29574037197744E-06
12500000,7.41408894100459E-06
12510000,6.9487068685703E-06
12520000,6.84191445543547E-06
12530000,7.32442458684091E-06
12540000,8.23628761281725E-06
12550000,8.31475790619152E-06
12560000,8.87306305230595E-06
12570000,8.70521216711495E-06
12580000,8.27496842248365E-06
12590000,8.0116751632886E-06
12600000,7.69053622207139E-06
12610000,7.23604580343817E-06
12620000,7.5314897003409E-06
12630000,7.88037596066715E-06
12640000,7.89109617471695E-06
12650000,7.64576452638721E-06
12660000,6.79015647619963E-06
12670000,5.53146992388065E-06
12680000,4.47974798589712E-06
12690000,4.39302220911486E-06
12700000,5.69193707633531E-06
12710000,5.78258323002956E-06
12720000,5.61461638426408E-06
12730000,4.58141357739805E-06
12740000,3.79157518182183E-06
12750000,3.98695692638285E-06
12760000,3.96485074816155E-06
12770000,3.28427086060401E-06
12780000,1.94844869838562E-06
12790000,1.44505804655637E-06
12800000,1.44202601859433E-06
12810000,1.21991945434274E-06
12820000,5.32455851498526E-06
12830000,8.6399359133793E-06
12840000,1.03491856862092E-05
12850000,1.03976153695839E-05
12860000,9.68067251960747E-06
12870000,7.54614757170202E-06
12880000,4.96128404847695E-06
12890000,2.78528000308143E-06
12900000,3.32527292812301E-06
12910000,3.37619712809101E-06
12920000,4.33580908065778E-06
12930000,4.97262954013422E-06
12940000,5.66450944461394E-06
12950000,6.23885807726765E-06
12960000,6.50434094495722E-06
12970000,6.50242054689443E-06
12980000,6.03315220359946E-06
12990000,4.86550698042265E-06
13000000,3.55514202965423E-06
13010000,3.1568249596603E-06
13020000,3.95708275391371E-06
13030000,4.36486880062148E-06
13040000,5.05134221384651E-06
13050000,5.7437964642304E-06
13060000,5.81686526857084E-06
13070000,5.55939823243534E-06
13080000,4.25734515374643E-06
13090000,3.05190565086377E-06
13100000,2.83549115920323E-06
13110000,2.74279454970383E-06
13120000,3.5276780181448E-06
13130000,3.61907063961553E-06
13140000,4.80337166663958E-06
13150000,4.72883903057664E-06
13160000,3.93542677556979E-06
13170000,2.92308482130466E-06
13180000,2.12303507396427E-06
13190000,1.41547252496821E-06
13200000,2.40429631048755E-06
13210000,3.85642306355294E-06
13220000,5.57997054784209E-06
13230000,6.80765515426174E-06
13240000,7.18434648661059E-06
13250000,7.18330602467177E-06
13260000,6.90055912855314E-06
13270000,6.40352118352894E-06
13280000,6.26068867859431E-06
13290000,6.42578515908099E-06
13300000,6.42485474600107E-06
13310000,5.99716031501885E-06
13320000,4.69879569209297E-06
13330000,2.94940514322661E-06
13340000,3.71827491107979E-06
13350000,3.81345807909383E-06
13360000,4.59199145552702E-06
13370000,4.15802605857607E-06
13380000,4.08612504543271E-06
13390000,4.21284585172543E-06
13400000,6.8442382143985E-06
13410000,6.96056076776586E-06
13420000,6.77568186802091E-06
13430000,5.98674478169414E-06
13440000,5.89562341701821E-06
13450000,6.09769267612137E-06
13460000,6.09864400757942E-06
13470000,6.10969664194272E-06
13480000,8.37682728160871E-06
13490000,9.69864686339861E-06
13500000,9.88427564152516E-06
13510000,9.62753074418288E-06
13520000,8.17165710031986E-06
13530000,5.97897815168835E-06
13540000,3.45861258210789E-06
13550000,3.25568657899566E-06
13560000,9.12304221856175E-06
13570000,1.16808787424816E-05
13580000,1.30759635794675E-05
13590000,1.35546852106927E-05
13600000,1.36570915856282E-05
13610000,1.37251299747732E-05
13620000,1.37252063723281E-05
13630000,1.3500046406989E-05
13640000,1.24319167298381E-05
13650000,1.02793655969435E-05
13660000,6.98460598869133E-06
13670000,3.73577859136276E-06
13680000,3.8801285882073E-06
13690000,3.99324653699296E-06
13700000,6.74927105137613E-06
13710000,7.46498290027375E-06
13720000,7.52251344238175E-06
13730000,7.36357742425753E-06
13740000,6.79424101690529E-06
13750000,6.46427633910207E-06
13760000,6.45556656309054E-06
13770000,5.94927223573904E-06
13780000,4.78920856039622E-06
13790000,4.83847452414921E-06
13800000,7.50815161154605E-06
13810000,7.78654430177994E-06
13820000,7.68997597333509E-06
13830000,6.88097907186602E-06
13840000,7.21382411938976E-06
13850000,7.32540092940326E-06
13860000,1.083305960492E-05
13870000,1.17869758469169E-05
13880000,1.18189991553663E-05
13890000,1.12044817797141E-05
13900000,8.97772952157538E-06
13910000,5.76559614273719E-06
13920000,6.66033247398445E-06
13930000,6.89586931912345E-06
13940000,1.22465162348817E-05
13950000,1.35778109324747E-05
13960000,1.37961187647306E-05
13970000,1.37568213176564E-05
13980000,1.32551476781373E-05
13990000,1.21733901323751E-05
14000000,1.05318185887882E-05
14010000,8.48074341774918E-06
14020000,6.56126076137298E-06
14030000,5.41297004019725E-06
14040000,5.26048461324535E-06
14050000,5.30501392859151E-06
14060000,6.10802771916497E-06
14070000,6.1062246459187E-06
14080000,5.60367652724381E-06
14090000,4.05833225158858E-06
14100000,2.91756850856473E-06
14110000,2.99901375910849E-06
14120000,5.26943085787934E-06
14130000,5.87310023547616E-06
14140000,5.96842710365308E-06
14150000,5.91127718507778E-06
14160000,5.79945435674745E-06
14170000,7.16539716449915E-06
14180000,9.33725914364913E-06
14190000,1.10257706182892E-05
14200000,1.12452544271946E-05
14210000,1.08629137685057E-05
14220000,8.22541551315226E-06
14230000,5.06153810420074E-06
14240000,5.58314059162512E-06
14250000,5.64566653338261E-06
14260000,6.50905076327035E-06
14270000,7.15933174433303E-06
14280000,8.00114412413677E-06
14290000,8.48589388624532E-06
14300000,8.48594117996981E-06
14310000,7.90200192568591E-06
14320000,6.46243870505714E-06
14330000,5.60024318474461E-06
14340000,6.60600835544756E-06
14350000,6.69105156703154E-06
14360000,7.52519417801523E-06
14370000,7.47896865505027E-06
14380000,7.09330743120518E-06
14390000,6.75186447551823E-06
14400000,6.81926803736133E-06
14410000,6.8182803261152E-06
14420000,6.46474290988408E-06
14430000,5.35182743988116E-06
14440000,3.721112761923E-06
14450000,2.92913159682939E-06
14460000,4.63018977825413E-06
14470000,5.16761838298407E-06
14480000,5.16997943122988E-06
14490000,4.71531484436127E-06
14500000,3.45110493071843E-06
14510000,2.52964105129649E-06
14520000,7.8119182944647E-06
14530000,1.12354846351082E-05
14540000,1.2639962733374E-05
14550000,1.2657156730711E-05
14560000,1.18163634397206E-05
14570000,1.0128039320989E-05
14580000,1.00024317362113E-05
14590000,1.01205368991941E-05
14600000,1.31247861645534E-05
14610000,1.36421831484768E-05
14620000,1.36238022605539E-05
14630000,1.29719101096271E-05
14640000,1.25270935313893E-05
14650000,1.39706080517499E-05
14660000,1.60177169163944E-05
14670000,1.79442540684249E-05
14680000,1.88094199984334E-05
14690000,1.88321737368824E-05
14700000,1.83237025339622E-05
14710000,1.63935546879657E-05
14720000,1.31079050333938E-05
14730000,9.53029484662693E-06
14740000,6.3770303313504E-06
14750000,3.79524999516434E-06
14760000,4.81349525216501E-06
14770000,4.98147210237221E-06
14780000,7.97213124315022E-06
14790000,8.34896218293579E-06
14800000,8.54338577482849E-06
14810000,8.71607699082233E-06
14820000,8.79646995599614E-06
14830000,8.91507534106495E-06
14840000,9.03663931239862E-06
14850000,9.03533054952277E-06
14860000,8.69275118020596E-06
14870000,7.34170043870108E-06
14880000,6.12554231338436E-06
14890000,6.23808955424465E-06
14900000,1.02002359199105E-05
14910000,1.16457204057951E-05
14920000,1.21431085062795E-05
14930000,1.21431758088875E-05
14940000,1.15569146146299E-05
14950000,9.88928331935313E-06
14960000,7.1815011324361E-06
14970000,4.84748443341232E-06
14980000,7.18590354154003E-06
14990000,8.97507561603561E-06
15000000,9.56476196734002E-06
15010000,9.55906216404401E-06
15020000,8.80936840985669E-06
15030000,7.3236024036305E-06
15040000,6.2904382502893E-06
15050000,5.85581483392161E-06
15060000,6.3887291616993E-06
15070000,6.45833370072069E-06
15080000,7.07901472196681E-06
15090000,6.54446512271534E-06
15100000,4.51353889729944E-06
15110000,3.53584141521424E-06
15120000,5.90735771766049E-06
15130000,6.12270969213569E-06
15140000,6.00779094384052E-06
15150000,5.32505873707123E-06
15160000,5.9243971008982E-06
15170000,6.03052694714279E-06
15180000,9.46552609093487E-06
15190000,1.06087827589363E-05
15200000,1.06985844467999E-05
15210000,1.03535030575586E-05
15220000,8.91969466465525E-06
15230000,6.85224631524761E-06
15240000,4.7357698349515E-06
15250000,2.69086262960627E-06
15260000,3.65511573363619E-06
15270000,3.77357537217904E-06
15280000,5.5612217693124E-06
15290000,5.60492344447994E-06
15300000,5.91951402384439E-06
15310000,7.15809301254922E-06
15320000,9.10318613023264E-06
15330000,1.07996102087782E-05
15340000,1.12000461740536E-05
15350000,1.10761284304317E-05
15360000,9.48500473896274E-06
15370000,7.00389045960037E-06
15380000,6.05577724854811E-06
15390000,6.09785911365179E-06
15400000,7.12943756298046E-06
15410000,7.50810613681097E-06
15420000,7.64950709708501E-06
15430000,7.60938246457954E-06
15440000,6.71124644213705E-06
15450000,4.34126832260517E-06
15460000,3.74513297174417E-06
15470000,3.8392709029722E-06
15480000,4.59741522718105E-06
15490000,4.60574710814399E-06
15500000,5.54936787011684E-06
15510000,6.59541501590866E-06
15520000,7.09887899574824E-06
15530000,7.10639733370044E-06
15540000,6.80105404171627E-06
15550000,5.81093308937852E-06
15560000,4.66168830826064E-06
15570000,3.90354307455709E-06
15580000,4.01371926272986E-06
15590000,4.05744867748581E-06
15600000,5.097503617435E-06
15610000,5.1090469241899E-06
15620000,4.86897397422581E-06
15630000,4.35216543337447E-06
15640000,4.76469494969933E-06
15650000,4.84421661894885E-06
15660000,7.89249497756828E-06
15670000,9.86056329566054E-06
15680000,1.15408265628503E-05
15690000,1.24986463561072E-05
15700000,1.25987589854049E-05
15710000,1.23604304462788E-05
15720000,1.11553326860303E-05
15730000,9.38476568990154E-06
15740000,7.65893037169008E-06
15750000,6.28252155365772E-06
15760000,5.10947347720503E-06
15770000,3.8823100112495E-06
15780000,4.15047816204606E-06
15790000,4.25864618591731E-06
15800000,6.12868097960018E-06
15810000,6.13517158853938E-06
15820000,5.64295942240278E-06
15830000,4.47884485765826E-06
15840000,5.17311764269834E-06
15850000,5.33274715053267E-06
15860000,9.24115192901809E-06
15870000,9.57659631239949E-06
15880000,9.42232782108476E-06
15890000,7.88875786383869E-06
15900000,5.3353023758973E-06
15910000,3.51038306689588E-06
15920000,5.14928069605958E-06
15930000,6.36687536825775E-06
15940000,7.28993563825497E-06
15950000,7.84523581387475E-06
15960000,7.96538006397896E-06
15970000,7.92121500126086E-06
15980000,7.40949735700269E-06
15990000,6.55168651064741E-06
16000000,5.54590542378719E-06
16010000,4.44706847702037E-06
16020000,4.14479336541262E-06
16030000,4.22539415012579E-06
16040000,6.55778512737015E-06
16050000,7.27395081412396E-06
16060000,7.3101887210214E-06
16070000,6.98767507856246E-06
16080000,5.73103716305923E-06
16090000,4.49637036581407E-06
16100000,3.88243915949715E-06
16110000,3.40416568178625E-06
16120000,2.5479564556008E-06
16130000,1.19078208626888E-06
16140000,2.76775131169416E-06
16150000,5.01237082062289E-06
16160000,7.4527188189677E-06
16170000,9.46932050283067E-06
16180000,1.05954895843752E-05
16190000,1.08961830846965E-05
16200000,1.11986701085698E-05
16210000,1.23082036225242E-05
16220000,1.4090508557274E-05
16230000,1.5400604752358E-05
16240000,1.56059068103787E-05
16250000,1.53429682541173E-05
16260000,1.34205456561176E-05
16270000,1.00405031844275E-05
16280000,6.53011329632136E-06
16290000,5.53763038624311E-06
16300000,8.58403109305073E-06
16310000,1.06026336652576E-05
16320000,1.19369788080803E-05
16330000,1.220210288011E-05
16340000,1.20998156489804E-05
16350000,1.10706341729383E-05
16360000,9.4404540504911E-06
16370000,8.24890594230965E-06
16380000,7.49748687667307E-06
16390000,6.1021728470223E-06
16400000,6.66652658765088E-06
16410000,6.94916252541589E-06
16420000,1.30083044496132E-05
16430000,1.33312705656863E-05
16440000,2.16060725506395E-05
16450000,4.04997190344147E-05
16460000,6.50679794489406E-05
16470000,9.41770704230294E-05
16480000,0.00013508384290617
16490000,0.000191498809726909
16500000,0.00026935912319459
16510000,0.000369032786693424
16520000,0.000488470308482647
16530000,0.000628819223493338
16540000,0.000777275417931378
16550000,0.000934693263843656
16560000,0.00109775853343308
16570000,0.00124019500799477
16580000,0.00137150264345109
16590000,0.00146337389014661
16600000,0.00152151973452419
16610000,0.00153994851280004
16620000,0.00153972546104342
16630000,0.00151332793757319
16640000,0.00144677993375808
16650000,0.00134823692496866
16660000,0.00121313345152885
16670000,0.00106705422513187
16680000,0.000904877437278628
16690000,0.000744383665733039
16700000,0.000599595019593835
16710000,0.000465283839730546
16720000,0.000354013609467074
16730000,0.00026152774807997
16740000,0.000187224228284322
16750000,0.000131554494146258
16760000,9.19385347515345E-05
16770000,6.58175704302266E-05
16780000,4.50118168373592E-05
16790000,2.70883574557956E-05
16800000,1.57357262651203E-05
16810000,1.5232753867167E-05
16820000,1.53270757436985E-05
16830000,1.43887837111834E-05
16840000,1.11354584078072E-05
16850000,7.51638935980736E-06
16860000,5.44438853467E-06
16870000,5.30217266714317E-06
16880000,7.85402335168328E-06
16890000,9.11251754587283E-06
16900000,9.30370697460603E-06
16910000,9.21600712899817E-06
16920000,8.92948446562514E-06
16930000,9.69096618064214E-06
16940000,1.02302792583941E-05
16950000,1.02318745121011E-05
16960000,9.51633410295472E-06
16970000,7.41358280720306E-06
16980000,4.84051861349144E-06
16990000,3.08952098748705E-06
17000000,2.26460201702139E-06
17010000,2.31489957513986E-06
17020000,4.38907727584592E-06
17030000,4.86327826365596E-06
17040000,4.85891814605566E-06
17050000,4.11114660892054E-06
17060000,2.42109535975032E-06
17070000,1.49521758885385E-06
17080000,1.62199341957603E-06
17090000,1.67884866186796E-06
17100000,3.35468689627305E-06
17110000,3.59126829607703E-06
17120000,3.68818996321352E-06
17130000,4.19440993937314E-06
17140000,4.93060906592291E-06
17150000,5.51865696252207E-06
17160000,5.59980117031955E-06
17170000,5.50876575289294E-06
17180000,4.76089780931943E-06
17190000,3.5044413380092E-06
17200000,2.19938556256238E-06
17210000,1.19904973416851E-06
17220000,2.81604502561095E-06
17230000,4.08443565902417E-06
17240000,4.83830717712408E-06
17250000,4.94204914502916E-06
17260000,4.81802544527454E-06
17270000,3.83445876650512E-06
17280000,2.45218143390957E-06
17290000,2.50890866482223E-06
17300000,3.43575447914191E-06
17310000,3.41002964887593E-06
17320000,2.92940626422933E-06
17330000,2.14917758967204E-06
17340000,1.9317787973705E-06
17350000,2.04665980163554E-06
17360000,5.08793937115115E-06
17370000,5.41326562597533E-06
17380000,5.2909290388925E-06
17390000,4.05175387641066E-06
17400000,5.50781396668754E-06
17410000,5.68460791328107E-06
17420000,8.04292267275741E-06
17430000,7.95752566773444E-06
17440000,6.68444999973872E-06
17450000,5.38184167453437E-06
17460000,6.3780553318793E-06
17470000,6.48743070996716E-06
17480000,9.34458694246132E-06
17490000,1.02627018350177E-05
17500000,1.03480169855175E-05
17510000,1.01156801974867E-05
17520000,9.10201288206736E-06
17530000,7.76288561610272E-06
17540000,6.51408618068672E-06
17550000,5.48182379134232E-06
17560000,6.27657027507667E-06
17570000,6.38228493698989E-06
17580000,7.55800101615023E-06
17590000,7.34398463464458E-06
17600000,6.05962031841045E-06
17610000,4.64739696326433E-06
17620000,3.71203987015178E-06
17630000,3.03122828881897E-06
17640000,2.35116226576793E-06
17650000,2.00977865461027E-06
17660000,3.54086523657315E-06
17670000,4.60995397588704E-06
17680000,5.46493038200424E-06
17690000,6.32060891803121E-06
17700000,7.5733009907708E-06
17710000,8.9913837655331E-06
17720000,9.55623181653209E-06
17730000,9.55341056396719E-06
17740000,8.92416119313566E-06
17750000,8.72116834216286E-06
17760000,9.8794726000051E-06
17770000,9.9616017905646E-06
17780000,1.03995689642034E-05
17790000,9.90046464721672E-06
17800000,9.12536870600889E-06
17810000,8.61843273014529E-06
17820000,8.16172723716591E-06
17830000,7.37153050067718E-06
17840000,6.30214844932198E-06
17850000,5.95115398027701E-06
17860000,7.64379274187377E-06
17870000,8.01956593932118E-06
17880000,8.00755606178427E-06
17890000,7.32975968276151E-06
17900000,6.03515991315362E-06
17910000,5.77063383389032E-06
17920000,6.57354621580453E-06
17930000,6.62819320496055E-06
17940000,7.19992249287316E-06
17950000,7.76703745941632E-06
17960000,9.05916203919332E-06
17970000,1.06748793768929E-05
17980000,1.17820363811916E-05
17990000,1.20292343126494E-05
18000000,1.19733385872678E-05
18010000,1.12945917862817E-05
18020000,1.01903433460393E-05
18030000,9.04998069017893E-06
18040000,7.93512390373508E-06
18050000,6.72505211696262E-06
18060000,5.5522700677102E-06
18070000,5.1391889428487E-06
18080000,5.21004903930589E-06
18090000,5.38943140782067E-06
18100000,6.48677905701334E-06
18110000,6.615907750529E-06
18120000,9.39302299229894E-06
18130000,9.50107369135367E-06
18140000,9.17803572519915E-06
18150000,7.49359878682299E-06
18160000,5.57266093892395E-06
18170000,5.01046906720148E-06
18180000,7.96204767539166E-06
18190000,1.03753773146309E-05
18200000,1.22903793453588E-05
18210000,1.30723019537982E-05
18220000,1.30684429677785E-05
18230000,1.20290324048256E-05
18240000,9.5661907835165E-06
18250000,6.3511761254631E-06
18260000,4.59761622551014E-06
18270000,4.83089888803079E-06
18280000,1.32949189719511E-05
18290000,1.60791223606793E-05
18300000,1.63992008310743E-05
18310000,1.59204573719762E-05
18320000,1.37322222144576E-05
18330000,1.19001188068069E-05
18340000,1.21333569040871E-05
18350000,1.2137074918428E-05
18360000,1.15268085210118E-05
18370000,9.65507115324726E-06
18380000,7.29984640202019E-06
18390000,5.77217633690452E-06
18400000,6.29558508080663E-06
18410000,6.375672910508E-06
18420000,7.60831517254701E-06
18430000,7.84662825026317E-06
18440000,7.99440476839663E-06
18450000,7.97523171058856E-06
18460000,7.22370668881922E-06
18470000,5.13492386744474E-06
18480000,3.18077582051046E-06
18490000,3.2680934509699E-06
18500000,4.47944012194057E-06
18510000,4.2779515752045E-06
18520000,2.78437505585316E-06
18530000,2.18353716263664E-06
18540000,3.8976718315098E-06
18550000,5.83116388952476E-06
18560000,8.25152073957725E-06
18570000,1.00669894891325E-05
18580000,1.07026271507493E-05
18590000,1.07010764622828E-05
18600000,1.01309606179711E-05
18610000,8.79650906426832E-06
18620000,6.84971973896609E-06
18630000,5.01401473229635E-06
18640000,5.01253407492186E-06
18650000,5.10079416926601E-06
18660000,6.54172390568419E-06
18670000,6.54077621220495E-06
18680000,6.11639552516863E-06
18690000,5.47458830624237E-06
18700000,4.93489369546296E-06
18710000,4.46516287411214E-06
18720000,4.03649892177782E-06
18730000,3.90395234717289E-06
18740000,3.80197479898925E-06
18750000,2.97080578093301E-06
18760000,3.53345444636943E-06
18770000,3.72560884898121E-06
18780000,9.69803568295902E-06
18790000,1.26870736494311E-05
18800000,1.51901167555479E-05
18810000,1.66499685292365E-05
18820000,1.67455073096789E-05
18830000,1.61664265760919E-05
18840000,1.36599601319176E-05
18850000,9.95261234493228E-06
18860000,5.94376342633041E-06
18870000,2.84718407783657E-06
18880000,2.84719976662018E-06
18890000,2.94788856081141E-06
18900000,6.22575589659391E-06
18910000,7.27787619325682E-06
18920000,7.38488733986742E-06
18930000,7.19090076017892E-06
18940000,6.22495826974045E-06
18950000,5.1239494496258E-06
18960000,5.1766587603197E-06
18970000,5.28050213688402E-06
18980000,9.11901224753819E-06
18990000,1.0705070963013E-05
19000000,1.09593065644731E-05
19010000,1.07778987512575E-05
19020000,9.28671488509281E-06
19030000,7.28383884052164E-06
19040000,5.97124471823918E-06
19050000,5.15671081302571E-06
19060000,3.90760760637932E-06
19070000,2.91905962512828E-06
19080000,3.9211936382344E-06
19090000,4.03308149543591E-06
19100000,7.34795094103902E-06
19110000,8.56777842273004E-06
19120000,8.62083015817916E-06
19130000,7.99266672402155E-06
19140000,6.08400659984909E-06
19150000,4.4884823182656E-06
19160000,5.70729389437474E-06
19170000,5.87898330195458E-06
19180000,9.90813077805797E-06
19190000,1.0059867236123E-05
19200000,9.56698750087526E-06
19210000,7.51496008888353E-06
19220000,5.31550767846056E-06
19230000,4.19552907260368E-06
19240000,5.54423149878858E-06
19250000,5.68273617318482E-06
19260000,8.81161395227537E-06
19270000,9.5257155408035E-06
19280000,9.89527688943781E-06
19290000,1.01135328804958E-05
19300000,1.01333853308461E-05
19310000,9.98065115709323E-06
19320000,9.01028397493064E-06
19330000,6.59753823128995E-06
19340000,3.88594071409898E-06
19350000,3.97822850572993E-06
19360000,5.71996270082309E-06
19370000,5.66093285669922E-06
19380000,4.48635682914755E-06
19390000,3.83610176868388E-06
19400000,6.23030064161867E-06
19410000,6.88165664541884E-06
19420000,6.94722029948025E-06
19430000,6.92534831614466E-06
19440000,7.0018522819737E-06
19450000,7.2756856752676E-06
19460000,7.5227926572552E-06
19470000,7.59446447773371E-06
19480000,7.58081068852334E-06
19490000,7.25726567907259E-06
19500000,6.38818619336234E-06
19510000,4.97289602208184E-06
19520000,3.0225753562263E-06
19530000,2.04053299057705E-06
19540000,4.42775581177557E-06
19550000,6.09730705036782E-06
19560000,7.50286926631816E-06
19570000,8.25864663056564E-06
19580000,8.27610256237676E-06
19590000,7.76128035795409E-06
19600000,6.08098980592331E-06
19610000,3.9998071770242E-06
19620000,2.2648398498859E-06
19630000,1.60607612542663E-06
19640000,5.41277904630988E-06
19650000,7.7568711276399E-06
19660000,8.91491254151333E-06
19670000,9.15688633540412E-06
19680000,9.68102904153056E-06
19690000,1.02567501016892E-05
19700000,1.02815220088814E-05
19710000,9.84123198577436E-06
19720000,8.47709088702686E-06
19730000,7.04206786394934E-06
19740000,6.25589882474742E-06
19750000,5.82103484703111E-06
19760000,4.99984253110597E-06
19770000,3.38147924594523E-06
19780000,3.26356166624464E-06
19790000,3.343079242768E-06
19800000,4.28876001024037E-06
19810000,4.22920447817887E-06
19820000,3.68874157175014E-06
19830000,2.95253926196892E-06
19840000,2.31785270443652E-06
19850000,1.57303645664797E-06
19860000,2.31752983381739E-06
19870000,2.46015724769677E-06
19880000,6.60750538372668E-06
19890000,8.59732608660124E-06
19900000,1.02163721749093E-05
19910000,1.14468721221783E-05
19920000,1.21184884847025E-05
19930000,1.22542041935958E-05
19940000,1.22082765301457E-05
19950000,1.15874545372208E-05
19960000,1.02197873275145E-05
19970000,8.31408942758571E-06
19980000,6.45170666757622E-06
19990000,5.65437539989944E-06
20000000,6.14765167483711E-06
